victory_method,submission,winner_points,loser_points,female,year,absolute,weight_class,importance,total_points,submission_target,winner_name,loser_name
DECISION,,-1,-1,0,2011,1,,1,2,nan,Murilo Santana,Vinicius Magalhaes
SUBMISSION,Kimura,-1,-1,0,2022,0,3.0,0,2,Arm,Nicholas Meregali,Henrique Cardoso
DECISION,,-1,-1,0,2022,0,3.0,1,2,nan,Nicholas Meregali,Yuri Simoes
POINTS,,0,0,0,2022,0,3.0,3,0,nan,Nicholas Meregali,Rafael Lovato Jr
POINTS,,6,2,0,2022,1,,1,8,nan,Nicholas Meregali,Giancarlo Bodoni
DECISION,,-1,-1,0,2022,1,,2,2,nan,Nicholas Meregali,Tye Ruotolo
DECISION,,-1,-1,0,2019,0,4.0,0,2,nan,Nick Rodriguez,Mahamed Aly
POINTS,,0,0,0,2019,0,4.0,1,0,nan,Nick Rodriguez,Orlando Sanchez
DECISION,,-1,-1,0,2019,0,4.0,2,2,nan,Nick Rodriguez,Roberto Abreu
POINTS,,3,0,0,2022,0,4.0,2,3,nan,Nick Rodriguez,Felipe Pena
POINTS,,17,0,0,2022,1,,0,17,nan,Nick Rodriguez,Andy Varela
POINTS,,-1,-1,0,2013,0,1.0,2,2,nan,Otavio Sousa,Leonardo Vieira
DECISION,,-1,-1,0,2015,0,1.0,1,2,nan,Otavio Sousa,Vagner Rocha
DECISION,,-1,-1,0,2015,0,4.0,1,2,nan,Orlando Sanchez,Dean Lister
DECISION,,-1,-1,0,2015,0,4.0,2,2,nan,Orlando Sanchez,Vinicius Magalhaes
DECISION,,-1,-1,0,2015,0,4.0,4,2,nan,Orlando Sanchez,Jared Dopp
DECISION,,-1,-1,0,2017,0,4.0,2,2,nan,Orlando Sanchez,Jared Dopp
DECISION,,-1,-1,0,2017,0,0.0,1,2,nan,Pablo Mantovani,Augusto Mendes
POINTS,,13,0,0,2019,0,0.0,0,13,nan,Pablo Mantovani,Thomas Halpin
POINTS,,-1,-1,0,2003,0,1.0,0,2,nan,Pablo Popovitch,Marcio Feitosa
POINTS,,4,0,0,2005,0,1.0,0,4,nan,Pablo Popovitch,Renzo Gracie
POINTS,,5,0,0,2005,0,1.0,2,5,nan,Pablo Popovitch,Jake Shields
POINTS,,-1,-1,0,2007,0,1.0,2,2,nan,Pablo Popovitch,Andre Galvao
POINTS,,3,0,0,2009,0,1.0,4,3,nan,Pablo Popovitch,Marcelo Garcia
POINTS,,2,0,0,2011,0,2.0,1,2,nan,Pablo Popovitch,Sergio Moraes
POINTS,,-1,-1,0,2011,0,2.0,3,2,nan,Pablo Popovitch,Rafael Lovato Jr
POINTS,,2,0,0,2011,1,,1,2,nan,Pablo Popovitch,Victor Estima
POINTS,,3,0,0,2022,0,1.0,0,3,nan,Paul Schreiner,Tommy Langaker
POINTS,,8,2,0,2017,0,0.0,1,10,nan,Paulo Miyao,Geovanny Martinez
POINTS,,10,0,0,2017,0,0.0,3,10,nan,Paulo Miyao,Pablo Mantovani
POINTS,,4,0,0,2019,0,0.0,3,4,nan,Paulo Miyao,Tye Ruotolo
SUBMISSION,Armbar,-1,-1,0,2022,0,4.0,0,2,Arm,Rida Haisam,Roberto Abreu
POINTS,,-1,-1,0,2013,0,4.0,1,2,nan,Roberto Abreu,Orlando Sanchez
POINTS,,-1,-1,0,2013,0,4.0,3,2,nan,Roberto Abreu,Jared Dopp
POINTS,,-1,-1,0,2013,1,,0,2,nan,Roberto Abreu,Gary Tonon
POINTS,,-1,-1,0,2013,1,,2,2,nan,Roberto Abreu,Keenan Cornelius
POINTS,,10,0,0,2013,1,,4,10,nan,Roberto Abreu,Marcus Almeida
DECISION,,-1,-1,0,2017,0,4.0,1,2,nan,Roberto Abreu,Victor Honorio
DECISION,,-1,-1,0,2017,0,4.0,3,2,nan,Roberto Abreu,Jared Dopp
POINTS,,3,0,0,2022,1,,0,3,nan,Roberto Abreu,Elder Cruz
SUBMISSION,RNC,-1,-1,0,2022,0,1.0,0,2,Neck,Roberto Jimenez,Andy Varela
POINTS,,-1,-1,0,2001,0,0.0,3,2,nan,Robson Moura,Alexandre de Freitas
SUBMISSION,RNC,-1,-1,0,2015,0,3.0,1,2,Neck,Rodolfo Vieira,Cassio Francis
DECISION,,-1,-1,0,2015,0,3.0,4,2,nan,Rodolfo Vieira,Felipe Pena
POINTS,,5,0,0,2015,1,,1,5,nan,Rodolfo Vieira,Rafael Lovato Jr
POINTS,,10,0,0,2000,1,,0,10,nan,Rodrigo Medeiros,Roberto Magalhaes
POINTS,,5,0,0,2003,0,3.0,0,5,nan,Roger Gracie,Jose Mario Sperry
POINTS,,-1,-1,0,2003,0,3.0,1,2,nan,Roger Gracie,Rigan Machado
SUBMISSION,Armbar,-1,-1,0,2005,0,3.0,1,2,Arm,Roger Gracie,Eduardo Telles
SUBMISSION,RNC,-1,-1,0,2005,1,,4,2,Neck,Roger Gracie,Ronaldo Souza
POINTS,,-1,-1,0,2013,0,2.0,2,2,nan,Romulo Barral,Keenan Cornelius
POINTS,,-1,-1,0,2013,0,2.0,4,2,nan,Romulo Barral,Rafael Lovato Jr
POINTS,,6,0,0,2003,0,2.0,2,6,nan,Ronaldo Souza,Ricardo Almeida
POINTS,,0,0,0,2005,0,2.0,4,0,nan,Ronaldo Souza,Demian Maia
SUBMISSION,Kimura,-1,-1,0,2005,1,,2,2,Arm,Ronaldo Souza,Marcelo Garcia
SUBMISSION,Kneebar,-1,-1,0,2022,0,4.0,0,2,Leg,Roosevelt Sousa,Joao Gabriel Rocha
POINTS,,2,0,0,2022,0,4.0,1,2,nan,Roosevelt Sousa,Rida Haisam
DECISION,,-1,-1,0,2019,0,2.0,0,2,nan,Adam Wardzinski,Michael Perez
SUBMISSION,Estima lock,-1,-1,0,2009,0,2.0,2,2,Leg,Braulio Estima,Rafael Lovato Jr
SUBMISSION,Triangle,-1,-1,0,2009,0,2.0,4,2,Neck,Braulio Estima,Andre Galvao
SUBMISSION,Katagatame,-1,-1,0,2009,1,,1,2,Neck,Braulio Estima,Marcelo Garcia
POINTS,,-1,-1,0,2009,1,,2,2,nan,Braulio Estima,Vinicius Magalhaes
POINTS,,3,0,0,2011,1,,5,3,nan,Braulio Estima,Ronaldo Souza
POINTS,,3,0,0,2017,0,1.0,0,3,nan,Celso Vinicius,Enrico Cocco
DECISION,,-1,-1,0,2019,0,1.0,0,2,nan,Celso Vinicius,Edwin Najmi
SUBMISSION,Heel hook,-1,-1,0,2011,0,1.0,1,2,Leg,Claudio Calasans,Augusto Mendes
DECISION,,-1,-1,0,2015,1,,0,2,nan,Claudio Calasans,Gabriel Lucas
DECISION,,-1,-1,0,2015,1,,1,2,nan,Claudio Calasans,Vinicius Magalhaes
DECISION,,-1,-1,0,2015,1,,2,2,nan,Claudio Calasans,Yuri Simoes
POINTS,,2,0,0,2015,0,0.0,2,2,nan,Bruno Frazatto,Geovanny Martinez
SUBMISSION,Triangle,-1,-1,0,2017,0,2.0,1,2,Neck,Craig Jones,Murilo Santana
SUBMISSION,Guillotine,-1,-1,0,2019,0,2.0,1,2,Neck,Craig Jones,Mason Fowler
SUBMISSION,RNC,-1,-1,0,2019,0,2.0,2,2,Neck,Craig Jones,Jon Blank
SUBMISSION,Guillotine,-1,-1,0,2022,0,3.0,1,2,Neck,Craig Jones,Kyle Boehm
DECISION,,-1,-1,0,2022,0,3.0,2,2,nan,Craig Jones,Nicholas Meregali
POINTS,,4,0,1,2022,0,0.0,2,4,nan,Brianna Ste-Marie,Bianca Basilio
POINTS,,3,0,0,2019,0,1.0,0,3,nan,Dante Leon,Jonathan Satava
POINTS,,3,0,0,2019,0,1.0,1,3,nan,Dante Leon,Lucas Lepri
SUBMISSION,Armbar,-1,-1,0,2022,0,1.0,3,2,Arm,Dante Leon,Paul Schreiner
SUBMISSION,RNC,-1,-1,0,2015,0,1.0,2,2,Neck,Davi Ramos,Gilbert Burns
SUBMISSION,Armbar,-1,-1,0,2015,0,1.0,4,2,Arm,Davi Ramos,Lucas Lepri
SUBMISSION,Footlock,-1,-1,0,2003,0,2.0,3,2,Leg,David Terrell,Ricardo Almeida
POINTS,,-1,-1,0,2007,0,2.0,1,2,nan,Demian Maia,Rafael Lovato Jr
POINTS,,-1,-1,0,2007,0,2.0,2,2,nan,Demian Maia,Tarsis Humpreys
SUBMISSION,Footlock,-1,-1,0,2022,0,0.0,0,2,Leg,Diego Oliveira,Keith Krikorian
POINTS,,0,0,0,2022,0,0.0,3,0,nan,Diego Oliveira,Joshua Cisneros
DECISION,,-1,-1,0,2022,0,0.0,1,2,nan,Diogo Reis,Fabricio Andrey
POINTS,,2,0,0,2022,0,0.0,2,2,nan,Diogo Reis,Joshua Cisneros
POINTS,,3,0,0,2022,0,0.0,4,3,nan,Diogo Reis,Gabriel Sousa
SUBMISSION,Triangle,-1,-1,0,2003,0,0.0,1,2,Neck,Eddie Bravo,Royler Gracie
POINTS,,3,0,0,2003,1,,2,3,nan,Dean Lister,Marcio Cruz
SUBMISSION,Heel hook,-1,-1,0,2011,0,3.0,4,2,Leg,Dean Lister,Joao Assis
SUBMISSION,Heel hook,-1,-1,0,2013,1,,1,2,Leg,Dean Lister,Joao Gabriel Rocha
DECISION,,-1,-1,0,2017,0,1.0,0,2,nan,DeAlonzio Jackson,Leonardo Saggioro
POINTS,,5,0,0,2019,0,1.0,0,5,nan,DeAlonzio Jackson,John Combs
POINTS,,5,0,0,2019,0,2.0,0,5,nan,Gabriel Arges,Alec Baulding
POINTS,,5,0,0,2022,0,0.0,0,5,nan,Gabriel Sousa,Ruan Alvarenga
SUBMISSION,Triangle,-1,-1,0,2022,0,0.0,1,2,Neck,Gabriel Sousa,Jeremy Skinner
SUBMISSION,Inside heel hook,-1,-1,0,2015,0,1.0,0,2,Leg,Gary Tonon,Dillon Danis
POINTS,,0,0,0,2017,0,1.0,1,0,nan,Gary Tonon,Marcelo Mafra
POINTS,,0,0,0,2019,0,1.0,1,0,nan,Gary Tonon,Renato Forasieppi Canuto
SUBMISSION,Outside heel hook,-1,-1,0,2019,0,1.0,3,2,Leg,Gary Tonon,Dante Leon
SUBMISSION,Inside heel hook,-1,-1,0,2019,1,,0,2,Leg,Gary Tonon,Edwin Najmi
POINTS,,6,0,0,2022,0,2.0,0,6,nan,Giancarlo Bodoni,Isaque Bahiense
SUBMISSION,RNC,-1,-1,0,2022,0,2.0,4,2,Neck,Giancarlo Bodoni,Lucas Daniel Barbosa
SUBMISSION,Shoulder lock,-1,-1,0,2022,1,,0,2,Other/Unknown,Giancarlo Bodoni,Rida Haisam
POINTS,,2,0,0,2015,0,0.0,0,2,nan,Gianni Grippo,Gabriel Marangoni
SUBMISSION,Armbar,-1,-1,0,2015,0,1.0,0,2,Arm,Gilbert Burns,Lachlan Giles
DECISION,,-1,-1,0,2017,0,2.0,0,2,nan,Gordon Ryan,Dillon Danis
SUBMISSION,RNC,-1,-1,0,2017,0,2.0,1,2,Neck,Gordon Ryan,Romulo Barral
SUBMISSION,Guillotine,-1,-1,0,2017,0,2.0,4,2,Neck,Gordon Ryan,Keenan Cornelius
SUBMISSION,Inside heel hook,-1,-1,0,2017,1,,0,2,Leg,Gordon Ryan,Roberto Abreu
SUBMISSION,Katagatame,-1,-1,0,2017,1,,1,2,Neck,Gordon Ryan,Craig Jones
SUBMISSION,Heel hook,-1,-1,0,2017,1,,2,2,Leg,Gordon Ryan,Mahamed Aly
SUBMISSION,RNC,-1,-1,0,2019,0,3.0,1,2,Neck,Gordon Ryan,Tim Spriggs
POINTS,,3,0,0,2019,0,3.0,2,3,nan,Gordon Ryan,Lucas Daniel Barbosa
SUBMISSION,Outside heel hook,-1,-1,0,2019,1,,0,2,Leg,Gordon Ryan,Pedro Marinho
SUBMISSION,Choke,-1,-1,0,2019,1,,1,2,Neck,Gordon Ryan,Gary Tonon
POINTS,,0,0,0,2019,1,,4,0,nan,Gordon Ryan,Marcus Almeida
SUBMISSION,Outside heel hook,-1,-1,0,2022,0,4.0,2,2,Leg,Gordon Ryan,Roosevelt Sousa
SUBMISSION,Outside heel hook,-1,-1,0,2022,0,4.0,4,2,Leg,Gordon Ryan,Nick Rodriguez
POINTS,,-1,-1,0,2009,0,0.0,0,2,nan,Justin Rader,Baret Yoshida
POINTS,,-1,-1,0,2013,0,0.0,3,2,nan,Justin Rader,Joao Miyao
POINTS,,4,2,0,2013,0,2.0,0,6,nan,Keenan Cornelius,Clark Gracie
SUBMISSION,Verbal tap,-1,-1,0,2013,0,2.0,3,2,Other/Unknown,Keenan Cornelius,Pablo Popovitch
POINTS,,-1,-1,0,2013,1,,3,2,nan,Keenan Cornelius,Dean Lister
POINTS,,2,0,0,2015,0,2.0,1,2,nan,Keenan Cornelius,Claudio Calasans
POINTS,,13,0,0,2017,0,2.0,2,13,nan,Keenan Cornelius,Craig Jones
POINTS,,0,0,0,2011,0,1.0,1,0,nan,Kron Gracie,Murilo Santana
SUBMISSION,Guillotine,-1,-1,0,2011,0,1.0,3,2,Neck,Kron Gracie,Claudio Calasans
SUBMISSION,RNC,-1,-1,0,2013,0,1.0,1,2,Neck,Kron Gracie,Gary Tonon
POINTS,,10,0,0,2015,0,1.0,1,10,nan,Lucas Lepri,Gary Tonon
DECISION,,-1,-1,0,2017,0,1.0,1,2,nan,Lucas Lepri,Mansher Khera
POINTS,,3,0,0,2019,0,1.0,0,3,nan,Lucas Lepri,Lachlan Giles
POINTS,,3,0,0,2019,0,3.0,0,3,nan,Lucas Daniel Barbosa,Perttu Tepponen
DECISION,,-1,-1,0,2019,0,3.0,1,2,nan,Lucas Daniel Barbosa,Patrick Gaudio
POINTS,,3,0,0,2022,0,2.0,0,3,nan,Lucas Daniel Barbosa,Santeri Lilius
POINTS,,7,0,0,2022,0,2.0,1,7,nan,Lucas Daniel Barbosa,Josh Hinger
DECISION,,-1,-1,0,2022,0,2.0,2,2,nan,Lucas Daniel Barbosa,Vagner Rocha
POINTS,,5,0,0,2019,0,2.0,0,5,nan,Matheus Diniz,Pedro Marinho
DECISION,,-1,-1,0,2019,0,2.0,1,2,nan,Matheus Diniz,Gabriel Arges
POINTS,,3,0,0,2019,0,2.0,2,3,nan,Matheus Diniz,Josh Hinger
POINTS,,2,0,0,2019,0,2.0,4,2,nan,Matheus Diniz,Craig Jones
DECISION,,-1,-1,0,2019,0,0.0,0,2,nan,Matheus Gabriel Barros,Geovanny Martinez
POINTS,,-1,-1,0,2000,0,1.0,3,2,nan,Marcio Feitosa,Leonardo Vieira
POINTS,,-1,-1,0,2001,0,1.0,2,2,nan,Marcio Feitosa,Rodrigo Gracie
POINTS,,-1,-1,0,2013,0,4.0,2,2,nan,Marcus Almeida,Roberto Abreu
SUBMISSION,Heel hook,-1,-1,0,2013,0,4.0,4,2,Leg,Marcus Almeida,Joao Gabriel Rocha
POINTS,,-1,-1,0,2013,1,,1,2,nan,Marcus Almeida,Gary Tonon
POINTS,,5,0,0,2013,1,,2,5,nan,Marcus Almeida,Dean Lister
SUBMISSION,RNC,-1,-1,0,2017,0,4.0,1,2,Neck,Marcus Almeida,Tim Spriggs
POINTS,,4,0,0,2017,0,4.0,2,4,nan,Marcus Almeida,Roberto Abreu
POINTS,,3,0,0,2017,0,4.0,4,3,nan,Marcus Almeida,Orlando Sanchez
SUBMISSION,Heel hook,-1,-1,0,2017,1,,3,2,Leg,Marcus Almeida,Mahamed Aly
POINTS,,2,0,0,2019,0,4.0,0,2,nan,Marcus Almeida,Antonio Braga Neto
SUBMISSION,Armbar,-1,-1,0,2019,1,,0,2,Arm,Marcus Almeida,Keith Krikorian
SUBMISSION,RNC,-1,-1,0,2019,1,,2,2,Neck,Marcus Almeida,Mahamed Aly
SUBMISSION,RNC,-1,-1,0,2009,0,0.0,2,2,Neck,Rafael Mendes,Leonardo Vieira
POINTS,,-1,-1,0,2009,0,0.0,4,2,nan,Rafael Mendes,Rubens Charles
POINTS,,-1,-1,0,2011,0,0.0,2,2,nan,Rafael Mendes,Robson Moura
POINTS,,2,0,0,2013,0,0.0,2,2,nan,Rafael Mendes,Joao Miyao
POINTS,,2,0,0,2019,0,1.0,0,2,nan,Renato Forasieppi Canuto,Oliver Taza
POINTS,,-1,-1,0,2009,0,0.0,3,2,nan,Ryan Hall,Jeff Glover
DECISION,,-1,-1,0,2019,0,0.0,1,2,nan,Tye Ruotolo,Pablo Mantovani
POINTS,,0,0,0,2022,1,,1,0,nan,Tye Ruotolo,Felipe Pena
SUBMISSION,Guillotine,-1,-1,0,2019,1,,0,2,Neck,Tim Spriggs,Jared Dopp
POINTS,,2,0,0,2019,1,,0,2,nan,Patrick Gaudio,Michael Perez
POINTS,,3,0,0,2015,0,2.0,2,3,nan,Yuri Simoes,Romulo Barral
POINTS,,3,0,0,2015,0,2.0,4,3,nan,Yuri Simoes,Keenan Cornelius
POINTS,,5,3,0,2015,1,,1,8,nan,Yuri Simoes,Dean Lister
POINTS,,3,0,0,2017,0,3.0,2,3,nan,Yuri Simoes,Jackson Sousa
POINTS,,2,0,0,2017,0,3.0,4,2,nan,Yuri Simoes,Felipe Pena
POINTS,,0,0,0,2022,1,,0,0,nan,Yuri Simoes,Lachlan Giles
DECISION,,-1,-1,0,2022,1,,1,2,nan,Yuri Simoes,Nick Rodriguez
POINTS,,2,0,0,2022,1,,2,2,nan,Yuri Simoes,Roberto Abreu
POINTS,,0,0,0,2022,1,,4,0,nan,Yuri Simoes,Nicholas Meregali
SUBMISSION,Armbar,-1,-1,0,2015,0,0.0,0,2,Arm,Geovanny Martinez,Alexandre Vieira
POINTS,,-1,-1,0,2013,0,4.0,1,2,nan,Jared Dopp,Vinicius Magalhaes
POINTS,,2,0,0,2013,1,,0,2,nan,Jared Dopp,Leonardo Nogueira
POINTS,,2,0,0,2015,0,4.0,0,2,nan,Jared Dopp,Gabriel Lucas
POINTS,,2,0,0,2015,0,4.0,1,2,nan,Jared Dopp,Rodrigo Cavaca
DECISION,,-1,-1,0,2017,0,4.0,1,2,nan,Jared Dopp,Vinicius Magalhaes
POINTS,,0,0,0,2017,1,,1,0,nan,Mahamed Aly,Dillon Danis
POINTS,,0,0,0,2019,1,,1,0,nan,Mahamed Aly,Tim Spriggs
POINTS,,2,0,0,2017,0,1.0,0,2,nan,Mansher Khera,Sergio Ardila-Ibarra
POINTS,,-1,-1,0,2005,1,,5,2,nan,Dean Lister,Jean Jacques Machado
POINTS,,5,0,0,2017,0,3.0,0,5,nan,Abdurakhman Bilarov,Jake Shields
DECISION,,-1,-1,0,2013,0,1.0,0,2,nan,AJ Agazarm,DeAlonzio Jackson
POINTS,,2,0,0,2017,0,1.0,1,2,nan,AJ Agazarm,Ethan Crelinsten
DECISION,,-1,-1,0,2017,0,0.0,2,2,nan,AJ Agazarm,Pablo Mantovani
POINTS,,-1,-1,0,2007,0,3.0,4,2,nan,Alexandre Ribeiro,Braulio Estima
POINTS,,-1,-1,0,2009,0,3.0,2,2,nan,Alexandre Ribeiro,Vinicius Magalhaes
SUBMISSION,Armbar,-1,-1,0,2009,1,,0,2,Arm,Alexandre Ribeiro,Ricco Rodriguez
POINTS,,-1,-1,0,2009,1,,1,2,nan,Alexandre Ribeiro,Andre Galvao
POINTS,,2,0,0,2011,1,,3,2,nan,Alexandre Ribeiro,Murilo Santana
SUBMISSION,Armbar,-1,-1,0,2017,0,2.0,0,2,Arm,Alexandre Ribeiro,John Salter
POINTS,,2,0,0,2017,0,2.0,3,2,nan,Alexandre Ribeiro,Craig Jones
POINTS,,3,0,1,2022,0,4.0,1,3,nan,Amy Campo,Elisabeth Clay
POINTS,,2,0,1,2022,0,4.0,2,2,nan,Amy Campo,Gabrielle Garcia
DECISION,,-1,-1,0,2007,1,,1,2,nan,Andre Galvao,Fabricio Werdum
POINTS,,9,4,0,2011,0,2.0,4,13,nan,Andre Galvao,Rousimar Palhares
POINTS,,6,0,0,2011,1,,1,6,nan,Andre Galvao,Sergio Moraes
POINTS,,0,0,0,2011,1,,2,0,nan,Andre Galvao,Murilo Santana
SUBMISSION,Toe hold,-1,-1,0,2011,1,,4,2,Leg,Andre Galvao,Pablo Popovitch
SUBMISSION,RNC,-1,-1,0,2013,1,,5,2,Neck,Andre Galvao,Braulio Estima
POINTS,,6,0,0,2015,1,,5,6,nan,Andre Galvao,Roberto Abreu
POINTS,,2,0,0,2019,1,,5,2,nan,Andre Galvao,Felipe Pena
SUBMISSION,Footlock,-1,-1,0,2011,0,1.0,0,2,Leg,Augusto Mendes,Vagner Rocha
POINTS,,-1,-1,0,2015,0,1.0,1,2,nan,Augusto Mendes,Edward Cummings
SUBMISSION,Toe hold,-1,-1,0,2015,0,1.0,3,2,Leg,Augusto Mendes,Geovanny Martinez
SUBMISSION,Katagatame,-1,-1,0,2019,0,1.0,0,2,Neck,Augusto Mendes,Keith Krikorian
DECISION,,-1,-1,0,2019,0,1.0,1,2,nan,Augusto Mendes,Matheus Gabriel Barros
SUBMISSION,Kneebar,-1,-1,0,2001,0,0.0,2,2,Leg,Baret Yoshida,Alexandre de Freitas
POINTS,,9,6,0,2003,0,0.0,2,15,nan,Baret Yoshida,Alexandre de Freitas
DECISION,,-1,-1,0,2019,0,0.0,2,2,nan,Augusto Mendes,Paulo Miyao
DECISION,,-1,-1,0,2022,0,3.0,0,2,nan,Elder Cruz,Patrick Gaudio
DECISION,,-1,-1,0,2022,0,,0,2,nan,Fabricio Andrey,Cole Abate
POINTS,,6,0,0,2003,1,,3,6,nan,Fabricio Werdum,Marcio Cruz
POINTS,,2,0,0,2005,0,4.0,1,2,nan,Fabricio Werdum,Marcio Corleta
POINTS,,-1,-1,0,2009,0,4.0,4,2,nan,Fabricio Werdum,Roberto Abreu
POINTS,,2,0,0,2011,0,4.0,0,2,nan,Fabricio Werdum,Alexander Trans
POINTS,,-1,-1,0,2011,0,4.0,2,2,nan,Fabricio Werdum,Roberto Abreu
POINTS,,10,0,1,2022,0,0.0,4,10,nan,Ffion Davies,Brianna Ste-Marie
POINTS,,3,0,0,2015,0,3.0,0,3,nan,Felipe Pena,Roberto Alencar
POINTS,,9,0,0,2015,0,3.0,2,9,nan,Felipe Pena,Joao Assis
POINTS,,5,0,0,2017,0,3.0,1,5,nan,Felipe Pena,Abdurakhman Bilarov
DECISION,,-1,-1,0,2017,0,3.0,2,2,nan,Felipe Pena,Rafael Lovato Jr
POINTS,,6,0,0,2017,1,,0,6,nan,Felipe Pena,Celso Vinicius
SUBMISSION,RNC,-1,-1,0,2017,1,,2,2,Neck,Felipe Pena,Marcus Almeida
POINTS,,13,2,0,2022,1,,0,15,nan,Felipe Pena,Roberto Jimenez
POINTS,,-1,-1,0,2009,0,4.0,2,2,nan,Fabricio Werdum,Saulo Ribeiro
POINTS,,6,0,0,2017,1,,4,6,nan,Felipe Pena,Gordon Ryan
POINTS,,0,0,0,2017,0,3.0,0,0,nan,Jackson Sousa,Paul Ardila-Ibarra
DECISION,,-1,-1,0,2017,0,3.0,1,2,nan,Jackson Sousa,Joao Assis
DECISION,,-1,-1,0,2017,0,3.0,3,2,nan,Jackson Sousa,Rafael Lovato Jr
POINTS,,3,0,0,2019,0,3.0,0,3,nan,James Puopolo,Aaron Johnson
SUBMISSION,RNC,-1,-1,0,2005,0,1.0,3,2,Neck,Jake Shields,Leonardo Santos
POINTS,,9,0,0,2000,0,1.0,2,9,nan,Jean Jacques Machado,Leonardo Vieira
SUBMISSION,Footlock,-1,-1,0,2001,1,,1,2,Leg,Jean Jacques Machado,Marcio Cruz
SUBMISSION,Heel hook,-1,-1,0,2013,0,0.0,1,2,Leg,Joao Miyao,Ricardo Vieira
POINTS,,-1,-1,0,2013,0,4.0,2,2,nan,Joao Gabriel Rocha,Jared Dopp
POINTS,,3,0,0,2015,0,4.0,1,3,nan,Joao Gabriel Rocha,Abraham Marte Messina
POINTS,,3,0,0,2015,1,,1,3,nan,Joao Gabriel Rocha,Vagner Rocha
SUBMISSION,RNC,-1,-1,0,2011,0,3.0,2,2,Neck,Joao Assis,Alexandre Ribeiro
DECISION,,-1,-1,0,2015,1,,0,2,nan,Joao Gabriel Rocha,AJ Agazarm
DECISION,,-1,-1,0,2019,0,2.0,1,2,nan,Jon Blank,Murilo Santana
POINTS,,2,0,0,2011,1,,5,2,nan,Jose Mario Sperry,Renzo Gracie
SUBMISSION,Short choke,-1,-1,0,2019,0,2.0,0,2,Neck,Josh Hinger,Gabriel Almeida
SUBMISSION,Guillotine,-1,-1,0,2019,0,2.0,1,2,Neck,Josh Hinger,Adam Wardzinski
POINTS,,3,0,0,2019,0,2.0,3,3,nan,Josh Hinger,Jon Blank
POINTS,,3,2,0,2022,0,2.0,0,5,nan,Josh Hinger,Tye Ruotolo
SUBMISSION,Armbar,-1,-1,0,2022,0,0.0,0,2,Arm,Joshua Cisneros,Ethan Crelinsten
DECISION,,-1,-1,0,2022,0,0.0,1,2,nan,Joshua Cisneros,Sam McNally
POINTS,,2,0,0,2011,0,1.0,0,2,nan,Jonathan Torres,Clark Gracie
POINTS,,2,0,0,2013,0,1.0,1,2,nan,Jonathan Torres,Lucas Lepri
POINTS,,2,0,0,2017,0,1.0,0,2,nan,Jonathan Torres,Lachlan Giles
POINTS,,0,0,0,2017,0,1.0,1,0,nan,Jonathan Torres,Celso Vinicius
DECISION,,-1,-1,0,2017,0,1.0,2,2,nan,Jonathan Torres,Gary Tonon
POINTS,,0,0,0,2019,0,1.0,0,0,nan,Jonathan Torres,Ross Nicholls
POINTS,,2,0,0,2019,0,1.0,2,2,nan,Jonathan Torres,Gary Tonon
POINTS,,3,0,0,2019,0,1.0,4,3,nan,Jonathan Torres,Vagner Rocha
SUBMISSION,Armbar,-1,-1,0,2022,0,1.0,0,2,Arm,Kade Ruotolo,Lachlan Giles
SUBMISSION,Inside heel hook,-1,-1,0,2022,0,1.0,1,2,Leg,Kade Ruotolo,Roberto Jimenez
SUBMISSION,Armbar,-1,-1,0,2022,0,1.0,2,2,Arm,Kade Ruotolo,Paul Schreiner
SUBMISSION,RNC,-1,-1,0,2019,0,4.0,0,2,Neck,Kaynan Duarte,Eldar Rafigaev
POINTS,,3,0,0,2019,0,4.0,1,3,nan,Kaynan Duarte,Yuri Simoes
DECISION,,-1,-1,0,2019,0,4.0,2,2,nan,Kaynan Duarte,Marcus Almeida
POINTS,,3,0,0,2019,0,4.0,4,3,nan,Kaynan Duarte,Nick Rodriguez
POINTS,,5,2,0,2022,0,3.0,1,7,nan,Kaynan Duarte,Elder Cruz
DECISION,,-1,-1,0,2022,0,3.0,2,2,nan,Kaynan Duarte,Rafael Lovato Jr
SUBMISSION,RNC,-1,-1,0,2022,0,0.0,0,2,Neck,Kennedy Maciel,Geovanny Martinez
DECISION,,-1,-1,0,2022,0,3.0,0,2,nan,Kyle Boehm,Devhonte Johnson
SUBMISSION,Inside heel hook,-1,-1,0,2019,1,,0,2,Leg,Lachlan Giles,Kaynan Duarte
SUBMISSION,Inside heel hook,-1,-1,0,2019,1,,3,2,Leg,Lachlan Giles,Mahamed Aly
POINTS,,3,0,0,2001,0,1.0,1,3,nan,Leonardo Santos,Leonardo Vieira
POINTS,,2,0,0,2001,0,1.0,3,2,nan,Leonardo Santos,Rodrigo Gracie
POINTS,,-1,-1,0,2000,0,1.0,1,2,nan,Leonardo Vieira,Vitor Ribeiro
POINTS,,9,0,0,2003,0,0.0,1,9,nan,Leonardo Vieira,Rany Yahya
POINTS,,6,0,0,2003,0,0.0,4,6,nan,Leonardo Vieira,Baret Yoshida
POINTS,,6,0,0,2005,0,0.0,4,6,nan,Leonardo Vieira,Rany Yahya
POINTS,,-1,-1,0,2007,0,0.0,1,2,nan,Leonardo Vieira,Jeff Glover
POINTS,,3,0,0,2011,0,1.0,2,3,nan,Leonardo Vieira,Claudio Calasans
SUBMISSION,Guillotine,-1,-1,0,2009,0,0.0,1,2,Neck,Leonardo Vieira,Ryan Hall
POINTS,,2,0,0,2011,0,1.0,1,2,nan,Leonardo Vieira,Jonathan Torres
DECISION,,-1,-1,0,2013,0,1.0,1,2,nan,Leonardo Vieira,AJ Agazarm
POINTS,,9,0,0,2003,0,1.0,1,9,nan,Marcelo Garcia,Renzo Gracie
SUBMISSION,RNC,-1,-1,0,2003,0,1.0,2,2,Neck,Marcelo Garcia,Vitor Ribeiro
POINTS,,0,0,0,2005,0,1.0,2,0,nan,Marcelo Garcia,Leonardo Santos
SUBMISSION,Wristlock,-1,-1,0,2005,0,1.0,4,2,Arm,Marcelo Garcia,Pablo Popovitch
SUBMISSION,Heel hook,-1,-1,0,2005,1,,0,2,Leg,Marcelo Garcia,Ricco Rodriguez
SUBMISSION,North south choke,-1,-1,0,2007,0,1.0,4,2,Neck,Marcelo Garcia,Pablo Popovitch
POINTS,,2,0,0,2011,0,1.0,2,2,nan,Marcelo Garcia,Kron Gracie
SUBMISSION,Armbar,-1,-1,0,2001,0,4.0,3,2,Arm,Marcio Cruz,Ricco Rodriguez
POINTS,,-1,-1,0,2001,1,,0,2,nan,Marcio Cruz,Roberto Traven
POINTS,,-1,-1,0,2003,0,4.0,4,2,nan,Marcio Cruz,Fabricio Werdum
POINTS,,6,0,0,2003,1,,1,6,nan,Marcio Cruz,Marcelo Garcia
DECISION,,-1,-1,0,2019,0,2.0,0,2,nan,Mason Fowler,Valdir Araujo Junior
SUBMISSION,Guillotine,-1,-1,0,2022,0,2.0,0,2,Neck,Mason Fowler,Alexandre Jesus
SUBMISSION,RNC,-1,-1,0,2001,0,1.0,2,2,Neck,Matt Serra,Leonardo Santos
SUBMISSION,Armbar,-1,-1,0,2022,0,1.0,1,2,Arm,Micael Galvao,Renato Forasieppi Canuto
POINTS,,2,0,0,2022,0,1.0,2,2,nan,Micael Galvao,Dante Leon
SUBMISSION,RNC,-1,-1,0,2005,1,,3,2,Neck,Marcelo Garcia,Alexandre Ribeiro
INJURY,,-1,-1,0,2022,1,,0,2,nan,Nicholas Meregali,Vinicius Ferreira
DECISION,,-1,-1,0,2011,1,,2,2,nan,Pablo Popovitch,Alexandre Ribeiro
POINTS,,4,0,0,2022,0,1.0,1,4,nan,Paul Schreiner,Jonathan Torres
POINTS,,-1,-1,0,2013,0,2.0,2,2,nan,Rafael Lovato Jr,Pablo Popovitch
POINTS,,3,0,0,2017,0,3.0,1,3,nan,Rafael Lovato Jr,Mahamed Aly
POINTS,,3,0,1,2022,0,4.0,1,3,nan,Rafaela Guedes,Eleftheria Christodoulou
INJURY,,-1,-1,1,2022,0,4.0,2,2,nan,Rafaela Guedes,Kendall Reusing
POINTS,,-1,-1,0,2005,0,0.0,2,2,nan,Rany Yahya,Marcio Feitosa
POINTS,,-1,-1,0,2007,0,0.0,2,2,nan,Rany Yahya,Baret Yoshida
SUBMISSION,RNC,-1,-1,0,2007,0,0.0,4,2,Neck,Rany Yahya,Leonardo Vieira
POINTS,,-1,-1,0,2009,0,0.0,1,2,nan,Rany Yahya,Jeff Glover
SUBMISSION,Guillotine,-1,-1,0,2000,0,1.0,2,2,Neck,Renzo Gracie,Marcio Feitosa
POINTS,,-1,-1,0,2000,0,1.0,4,2,nan,Renzo Gracie,Jean Jacques Machado
SUBMISSION,Kneebar,-1,-1,0,2000,1,,1,2,Leg,Ricardo Almeida,Vitor Ribeiro
POINTS,,5,0,0,2000,1,,3,5,nan,Ricardo Almeida,Rodrigo Medeiros
POINTS,,3,0,0,2001,0,3.0,1,3,nan,Ricardo Almeida,Dean Lister
POINTS,,-1,-1,0,2001,0,3.0,4,2,nan,Ricardo Arona,Ricardo Almeida
POINTS,,3,0,0,2001,1,,4,3,nan,Ricardo Arona,Jean Jacques Machado
POINTS,,9,0,0,2000,0,2.0,1,9,nan,Ricardo Liborio,Roberto Magalhaes
INJURY,,-1,-1,0,2000,0,2.0,2,2,nan,Ricardo Liborio,Jorge Patino
POINTS,,2,0,0,2001,1,,1,2,nan,Ricardo Arona,Saulo Ribeiro
POINTS,,4,0,0,2019,0,0.0,0,4,nan,Richard Alarcon,Gianni Grippo
POINTS,,2,0,0,2022,1,,1,2,nan,Roberto Abreu,Victor Hugo
POINTS,,3,0,0,2011,0,0.0,1,3,nan,Robson Moura,Ryan Hall
POINTS,,3,0,0,2003,0,3.0,3,3,nan,Roger Gracie,Alexandre Ribeiro
SUBMISSION,RNC,-1,-1,0,2005,1,,2,2,Neck,Roger Gracie,Alexandre Ribeiro
POINTS,,-1,-1,0,2013,0,2.0,1,2,nan,Romulo Barral,Lucas Leite
SUBMISSION,Heel hook,-1,-1,0,2011,0,2.0,2,2,Leg,Rousimar Palhares,Rafael Lovato Jr
SUBMISSION,Kneebar,-1,-1,0,1999,0,0.0,4,2,Leg,Royler Gracie,Alexandre de Freitas
POINTS,,2,0,0,2001,0,0.0,2,2,nan,Royler Gracie,Robson Moura
POINTS,,8,0,0,2003,0,0.0,3,8,nan,Royler Gracie,Alexandre de Freitas
SUBMISSION,Kimura,-1,-1,0,2009,0,0.0,2,2,Arm,Rubens Charles,Rany Yahya
POINTS,,-1,-1,0,2011,0,0.0,1,2,nan,Rubens Charles,Baret Yoshida
POINTS,,6,0,0,2011,0,0.0,2,6,nan,Rubens Charles,Jeff Glover
POINTS,,3,0,0,2013,0,0.0,1,3,nan,Rubens Charles,Marcio Andre Barbosa Junior
DECISION,,-1,-1,0,2015,0,0.0,2,2,nan,Rubens Charles,Augusto Mendes
POINTS,,3,0,0,2022,0,1.0,0,3,nan,Sam McNally,Gary Tonon
POINTS,,-1,-1,0,2000,0,2.0,4,2,nan,Saulo Ribeiro,Ricardo Liborio
POINTS,,-1,-1,0,2001,0,2.0,2,2,nan,Saulo Ribeiro,Antonio Schembri
DECISION,,-1,-1,0,2003,0,2.0,2,2,nan,Saulo Ribeiro,David Terrell
POINTS,,10,0,0,2005,0,2.0,1,10,nan,Saulo Ribeiro,Jorge Patino
POINTS,,-1,-1,0,2009,0,4.0,1,2,nan,Saulo Ribeiro,Romulo Barral
SUBMISSION,Footlock,-1,-1,0,2011,1,,0,2,Leg,Sergio Moraes,Antonio Braga Neto
SUBMISSION,Footlock,-1,-1,0,2007,0,2.0,3,2,Leg,Tarsis Humpreys,Romulo Barral
POINTS,,0,0,0,2017,0,0.0,2,0,nan,Rubens Charles,Paulo Miyao
POINTS,,3,0,0,2015,0,0.0,4,3,nan,Rubens Charles,Bruno Frazatto
DECISION,,-1,-1,0,2017,0,1.0,1,2,nan,Vagner Rocha,DeAlonzio Jackson
POINTS,,2,0,0,2017,0,1.0,3,2,nan,Vagner Rocha,Gary Tonon
DECISION,,-1,-1,0,2019,0,1.0,1,2,nan,Vagner Rocha,Celso Vinicius
DECISION,,-1,-1,0,2022,0,2.0,1,2,nan,Vagner Rocha,Pedro Marinho
POINTS,,2,0,0,2011,1,,0,2,nan,Victor Estima,Joao Assis
POINTS,,4,0,0,2019,0,4.0,0,4,nan,Victor Hugo,Jared Dopp
POINTS,,2,0,0,2019,0,3.0,2,2,nan,Vinicius Ferreira,Vinicius Magalhaes
POINTS,,0,0,0,2022,0,3.0,0,0,nan,Vinicius Ferreira,Paul Ardila-Ibarra
SUBMISSION,Armbar,-1,-1,0,2009,0,3.0,1,2,Arm,Vinicius Magalhaes,Marcio Cruz
POINTS,,2,0,0,2011,0,4.0,4,2,nan,Vinicius Magalhaes,Fabricio Werdum
SUBMISSION,Heel hook,-1,-1,0,2015,0,4.0,3,2,Leg,Vinicius Magalhaes,Joao Gabriel Rocha
POINTS,,0,0,0,2015,1,,0,0,nan,Vinicius Magalhaes,Gary Tonon
POINTS,,-1,-1,0,2003,0,1.0,1,2,nan,Vitor Ribeiro,Pablo Popovitch
INJURY,,-1,-1,0,2009,1,,4,2,nan,Braulio Estima,Alexandre Ribeiro
SUBMISSION,Toe hold,-1,-1,1,2019,0,0.0,4,2,Leg,Bianca Basilio,Ffion Davies
POINTS,,0,0,0,2005,0,2.0,2,0,nan,Demian Maia,Saulo Ribeiro
SUBMISSION,Z Lock,-1,-1,0,2022,0,0.0,1,2,Leg,Diego Oliveira,Kennedy Maciel
DECISION,,-1,-1,0,2022,0,0.0,2,2,nan,Gabriel Sousa,Diego Oliveira
POINTS,,6,0,0,2015,0,1.0,3,6,nan,Gilbert Burns,Otavio Sousa
DECISION,,-1,-1,0,2017,0,2.0,2,2,nan,Gordon Ryan,Alexandre Ribeiro
SUBMISSION,Choke,-1,-1,0,2019,0,3.0,4,2,Neck,Gordon Ryan,Vinicius Ferreira
POINTS,,8,0,0,2022,0,4.0,1,8,nan,Gordon Ryan,Victor Hugo
SUBMISSION,Armbar,-1,-1,0,2013,0,1.0,2,2,Arm,Kron Gracie,Jonathan Torres
SUBMISSION,Guillotine,-1,-1,0,2013,0,1.0,4,2,Neck,Kron Gracie,Otavio Sousa
POINTS,,-1,-1,0,2001,0,1.0,4,2,nan,Marcio Feitosa,Matt Serra
POINTS,,3,0,0,2017,1,,1,3,nan,Marcus Almeida,Alexandre Ribeiro
POINTS,,5,0,0,2022,0,1.0,0,5,nan,Renato Forasieppi Canuto,Nicky Ryan
POINTS,,6,0,0,2011,0,0.0,0,6,nan,Rafael Mendes,Bruno Frazatto
POINTS,,2,0,0,2019,0,2.0,0,2,nan,Tye Ruotolo,Bruno Frazatto
POINTS,,16,0,0,2003,0,1.0,2,16,nan,Leonardo Vieira,Eddie Bravo
SUBMISSION,Heel hook,-1,-1,0,2013,0,3.0,2,2,Leg,Joao Assis,Leonardo Nogueira
SUBMISSION,Inside heel hook,-1,-1,0,2022,0,1.0,4,2,Leg,Kade Ruotolo,Micael Galvao
POINTS,,2,0,0,2022,0,0.0,0,2,nan,Diogo Reis,Ashley Williams
SUBMISSION,Triangle,-1,-1,0,2022,0,2.0,1,2,Neck,Giancarlo Bodoni,Matheus Diniz
SUBMISSION,RNC,-1,-1,0,2019,1,,2,2,Neck,Gordon Ryan,Lachlan Giles
SUBMISSION,RNC,-1,-1,0,2022,1,,5,2,Neck,Gordon Ryan,Andre Galvao
DECISION,,-1,-1,0,2013,0,1.0,0,2,nan,Justin Rader,Augusto Mendes
DECISION,,-1,-1,0,2017,0,1.0,2,2,nan,Lucas Lepri,Vagner Rocha
POINTS,,3,0,0,2019,1,,1,3,nan,Marcus Almeida,Aaron Johnson
POINTS,,-1,-1,0,2011,0,0.0,4,2,nan,Rafael Mendes,Rubens Charles
POINTS,,5,0,0,2015,0,0.0,1,5,nan,Geovanny Martinez,Jeff Glover
SUBMISSION,Verbal tap,-1,-1,0,2022,0,4.0,0,2,Other/Unknown,Max Gimenis,Orlando Sanchez
POINTS,,8,0,0,2003,0,3.0,1,8,nan,Alexandre Ribeiro,Dean Lister
POINTS,,2,0,0,2017,0,1.0,0,2,nan,AJ Agazarm,Nicky Ryan
POINTS,,2,0,0,2011,0,2.0,2,2,nan,Andre Galvao,Pablo Popovitch
POINTS,,14,0,0,2017,1,,5,14,nan,Andre Galvao,Claudio Calasans
POINTS,,4,0,0,2017,0,1.0,0,4,nan,Augusto Mendes,Yuta Shimada
SUBMISSION,RNC,-1,-1,0,2022,0,4.0,1,2,Neck,Felipe Pena,Max Gimenis
SUBMISSION,Guillotine,-1,-1,0,2011,0,0.0,3,2,Neck,Jeff Glover,Robson Moura
POINTS,,5,0,0,2013,0,3.0,4,5,nan,Joao Assis,Dean Lister
DECISION,,-1,-1,0,2022,0,1.0,0,2,nan,Jeremy Skinner,AJ Agazarm
POINTS,,3,0,0,2017,0,1.0,4,3,nan,Jonathan Torres,Lucas Lepri
POINTS,,3,0,0,2019,0,1.0,1,3,nan,Jonathan Torres,DeAlonzio Jackson
POINTS,,12,0,0,2022,0,3.0,4,12,nan,Kaynan Duarte,Craig Jones
SUBMISSION,RNC,-1,-1,0,2019,0,2.0,2,2,Neck,Kennedy Maciel,Tye Ruotolo
SUBMISSION,Inside heel hook,-1,-1,0,2019,1,,1,2,Leg,Lachlan Giles,Patrick Gaudio
SUBMISSION,Guillotine,-1,-1,0,2011,0,1.0,1,2,Neck,Marcelo Garcia,Victor Estima
POINTS,,2,0,0,2017,0,1.0,0,2,nan,Marcelo Mafra,Oliver Taza
POINTS,,-1,-1,0,2001,0,1.0,1,2,nan,Matt Serra,Jean Jacques Machado
POINTS,,5,0,0,2022,0,1.0,0,5,nan,Micael Galvao,Oliver Taza
SUBMISSION,RNC,-1,-1,0,2015,0,1.0,0,2,Neck,Otavio Sousa,AJ Agazarm
POINTS,,2,0,0,2019,0,0.0,1,2,nan,Paulo Miyao,Nicky Ryan
SUBMISSION,Choke,-1,-1,0,1999,0,3.0,3,2,Neck,Ricardo Almeida,Rigan Machado
POINTS,,6,0,0,2015,0,3.0,2,6,nan,Rodolfo Vieira,Alexandre Ribeiro
SUBMISSION,Short choke,-1,-1,0,2017,0,2.0,0,2,Neck,Romulo Barral,Kit Dale
POINTS,,5,0,0,2000,0,0.0,4,5,nan,Royler Gracie,Alexandre de Freitas
DECISION,,-1,-1,0,2013,0,0.0,4,2,nan,Rubens Charles,Rafael Mendes
POINTS,,2,0,0,2003,0,2.0,1,2,nan,Saulo Ribeiro,Rodrigo Medeiros
POINTS,,3,0,0,2003,0,2.0,4,3,nan,Saulo Ribeiro,Ronaldo Souza
POINTS,,-1,-1,0,2013,0,0.0,2,2,nan,Rubens Charles,Justin Rader
POINTS,,2,0,0,2015,1,,0,2,nan,Vagner Rocha,Romulo Barral
DECISION,,-1,-1,0,2019,0,1.0,2,2,nan,Vagner Rocha,Dante Leon
SUBMISSION,Katagatame,-1,-1,0,2022,1,,0,2,Neck,Victor Hugo,Fabricio Andrey
POINTS,,0,0,0,2019,0,3.0,0,0,nan,Vinicius Ferreira,Paul Ardila-Ibarra
DECISION,,-1,-1,0,2019,0,3.0,1,2,nan,Vinicius Ferreira,Jackson Sousa
SUBMISSION,Heel hook,-1,-1,0,2009,0,3.0,0,2,Leg,Vinicius Magalhaes,Rodrigo Cavaca
POINTS,,-1,-1,0,2009,1,,0,2,nan,Vinicius Magalhaes,Dean Lister
POINTS,,2,0,0,2019,0,3.0,1,2,nan,Vinicius Magalhaes,James Puopolo
POINTS,,2,0,0,2017,0,1.0,0,2,nan,Gary Tonon,Felipe Cesar
SUBMISSION,Anaconda,-1,-1,0,2009,0,0.0,1,2,Neck,Rafael Mendes,Justin Rader
SUBMISSION,RNC,-1,-1,0,2011,0,0.0,1,2,Neck,Rafael Mendes,Justin Rader
POINTS,,2,0,0,2019,0,1.0,0,2,nan,Nicky Ryan,Shane Hill-Taylor
SUBMISSION,RNC,-1,-1,0,2005,1,,1,2,Neck,Roger Gracie,Fabricio Werdum
SUBMISSION,RNC,-1,-1,0,2017,0,2.0,0,2,Neck,Craig Jones,Leandro Lo
SUBMISSION,Heel hook,-1,-1,0,2011,0,3.0,2,2,Leg,Dean Lister,Rodolfo Vieira
POINTS,,-1,-1,0,2015,0,4.0,2,2,nan,Jared Dopp,Joao Gabriel Rocha
SUBMISSION,RNC,-1,-1,0,2022,1,,0,2,Neck,Tye Ruotolo,Pedro Marinho
SUBMISSION,Armbar,-1,-1,0,2022,0,3.0,0,2,Arm,Craig Jones,Joao Costa
SUBMISSION,Footlock,-1,-1,0,2019,1,,0,2,Leg,Aaron Johnson,Jon Blank
POINTS,,-1,-1,0,2007,1,,0,2,nan,Andre Galvao,Baret Yoshida
POINTS,,2,0,0,2015,1,,2,2,nan,Joao Gabriel Rocha,Rodolfo Vieira
POINTS,,6,0,0,2011,0,1.0,0,6,nan,Leonardo Vieira,Enrico Cocco
POINTS,,2,0,0,2000,0,0.0,0,2,nan,Royler Gracie,Baret Yoshida
POINTS,,2,0,0,2001,0,0.0,4,2,nan,Royler Gracie,Baret Yoshida
POINTS,,-1,-1,0,2007,1,,0,2,nan,Tarsis Humpreys,Braulio Estima
SUBMISSION,Armbar,-1,-1,0,2019,0,1.0,0,2,Arm,Vagner Rocha,Servio Tulio
POINTS,,3,0,0,2019,0,4.0,1,3,nan,Marcus Almeida,Victor Hugo
POINTS,,3,0,0,2015,0,0.0,1,3,nan,Rubens Charles,Gianni Grippo
POINTS,,0,0,0,2015,1,,4,0,nan,Claudio Calasans,Joao Gabriel Rocha
POINTS,,3,0,0,2019,0,0.0,4,3,nan,Augusto Mendes,Kennedy Maciel
POINTS,,12,0,0,2017,1,,1,12,nan,Felipe Pena,Victor Honorio
POINTS,,3,0,0,2001,1,,2,3,nan,Jean Jacques Machado,Ricardo Almeida
SUBMISSION,Footlock,-1,-1,0,2011,0,3.0,1,2,Leg,Joao Assis,Antonio Braga Neto
SUBMISSION,Triangle,-1,-1,0,2011,0,1.0,4,2,Neck,Marcelo Garcia,Leonardo Vieira
POINTS,,3,0,0,2017,0,0.0,4,3,nan,Rubens Charles,AJ Agazarm
SUBMISSION,Kneebar,-1,-1,0,2003,1,,1,2,Leg,Dean Lister,Saulo Ribeiro
POINTS,,3,2,1,2022,0,4.0,4,5,nan,Amy Campo,Rafaela Guedes
SUBMISSION,RNC,-1,-1,0,2005,0,3.0,2,2,Neck,Roger Gracie,Alexandre Ribeiro
POINTS,,2,0,0,2019,0,0.0,1,2,nan,Kennedy Maciel,Richard Alarcon
SUBMISSION,Guillotine,-1,-1,0,2009,0,1.0,1,2,Neck,Marcelo Garcia,Kron Gracie
POINTS,,2,0,0,2022,0,3.0,1,2,nan,Rafael Lovato Jr,Vinicius Ferreira
POINTS,,4,0,0,2015,0,1.0,2,4,nan,Lucas Lepri,Otavio Sousa
POINTS,,2,0,0,2017,0,2.0,0,2,nan,Murilo Santana,James Brasco
POINTS,,3,0,0,2009,0,1.0,2,3,nan,Pablo Popovitch,Gregor Gracie
POINTS,,3,0,0,2000,0,4.0,0,3,nan,Rigan Machado,Jose Mario Queiroga
SUBMISSION,Kneebar,-1,-1,0,2011,0,4.0,3,2,Leg,Roberto Abreu,Gerardi Rinaldi
POINTS,,5,0,0,2011,0,3.0,1,5,nan,Rodolfo Vieira,Antonio Peinado
SUBMISSION,Footlock,-1,-1,0,2005,1,,0,2,Leg,Roger Gracie,Shinya Aoki
SUBMISSION,Heel hook,-1,-1,0,2007,0,2.0,1,2,Leg,Romulo Barral,Christian Moriarty
POINTS,,5,0,0,2003,0,2.0,0,5,nan,Ronaldo Souza,Ryan Gracie
POINTS,,8,0,0,2009,1,,5,8,nan,Ronaldo Souza,Robert Drysdale
DECISION,,-1,-1,1,2017,0,0.0,1,2,nan,Bianca Basilio,Talita Alencar
POINTS,,-1,-1,0,2009,0,2.0,1,2,nan,Braulio Estima,James Brasco
SUBMISSION,RNC,-1,-1,0,2015,0,0.0,0,2,Neck,Bruno Frazatto,Mark Ramos
POINTS,,3,0,0,2015,0,1.0,1,3,nan,Davi Ramos,Gabriel Rollo
SUBMISSION,Armbar,-1,-1,0,2007,0,2.0,4,2,Arm,Demian Maia,Flavio Almeida
SUBMISSION,RNC,-1,-1,0,2003,0,0.0,0,2,Neck,Eddie Bravo,Gustavo Dantas
POINTS,,2,0,0,2011,0,3.0,0,2,nan,Dean Lister,Augusto Ferrari
SUBMISSION,Footlock,-1,-1,0,2011,0,3.0,1,2,Leg,Dean Lister,Radoslaw Turek
SUBMISSION,Americana,-1,-1,1,2011,0,4.0,2,2,Arm,Gabrielle Garcia,Penny Thomas
SUBMISSION,Toe hold,-1,-1,1,2017,0,4.0,1,2,Leg,Gabrielle Garcia,Amanda Alequin / Santana
POINTS,,4,4,1,2015,0,0.0,4,8,nan,Mackenzie Dern,Michelle Nicolini
POINTS,,2,0,0,2000,0,1.0,1,2,nan,Marcio Feitosa,Carlos Machado
SUBMISSION,Guillotine,-1,-1,0,2019,0,3.0,0,2,Neck,Tim Spriggs,Fellipe Andrew
DECISION,,-1,-1,1,2017,0,0.0,2,2,nan,Bianca Basilio,E. Karppinen
SUBMISSION,Triangle,-1,-1,0,2011,0,3.0,0,2,Neck,Antonio Braga Neto,Igor Praporschchikov
SUBMISSION,Armbar,-1,-1,0,2007,0,3.0,0,2,Arm,Braulio Estima,Tomas Szczerek
SUBMISSION,Triangle,-1,-1,0,2007,0,3.0,2,2,Neck,Braulio Estima,A. Cacareco
SUBMISSION,RNC,-1,-1,0,2009,0,2.0,0,2,Neck,Braulio Estima,Yuji Arai
SUBMISSION,Armbar,-1,-1,0,2009,1,,0,2,Arm,Braulio Estima,Janne-Pekka
SUBMISSION,Kneebar,-1,-1,0,2011,0,1.0,0,2,Leg,Claudio Calasans,Daniel Strauss
DECISION,,-1,-1,0,2015,0,2.0,0,2,nan,Claudio Calasans,M. Perez
POINTS,,2,0,1,2019,0,0.0,2,2,nan,Bianca Basilio,Elvira Karpinnen
SUBMISSION,Short choke,-1,-1,1,2022,0,0.0,1,2,Neck,Bianca Basilio,Julia Maele
SUBMISSION,Outside heel hook,-1,-1,0,2017,1,,0,2,Leg,Craig Jones,Chael Sonnen
SUBMISSION,Inside heel hook,-1,-1,0,2019,0,2.0,0,2,Leg,Craig Jones,Ben Dyson
POINTS,,3,0,1,2022,0,0.0,1,3,nan,Brianna Ste-Marie,Elvira Karppinen
SUBMISSION,Armbar,-1,-1,0,2022,0,1.0,0,2,Arm,Dante Leon,Magid Hage
DECISION,,-1,-1,0,2022,0,1.0,1,2,nan,Dante Leon,M. Szczecinski
SUBMISSION,RNC,-1,-1,0,2015,0,1.0,0,2,Neck,Davi Ramos,Young-Ahm
POINTS,,-1,-1,0,2003,0,2.0,0,2,nan,David Terrell,Akira Shoji
POINTS,,3,0,0,2005,0,2.0,0,3,nan,Demian Maia,Marko Helen
POINTS,,3,0,0,2005,0,2.0,1,3,nan,Demian Maia,David Avellan
POINTS,,-1,-1,0,2007,0,2.0,0,2,nan,Demian Maia,Yushin Okami
SUBMISSION,RNC,-1,-1,0,2001,0,3.0,0,2,Neck,Dean Lister,M. Yano
SUBMISSION,Guillotine,-1,-1,0,2003,0,3.0,0,2,Neck,Dean Lister,Ilir Lafiti
SUBMISSION,Kimura,-1,-1,0,2003,1,,0,2,Arm,Dean Lister,Nate Marquardt
SUBMISSION,Heel hook,-1,-1,0,2003,1,,4,2,Leg,Dean Lister,A. Cacareco
SUBMISSION,Triangle,-1,-1,0,2009,0,3.0,0,2,Neck,Dean Lister,Andreas Olsen
SUBMISSION,Heel hook,-1,-1,0,2013,0,3.0,0,2,Leg,Dean Lister,Jia Jang
SUBMISSION,Heel hook,-1,-1,0,2013,0,3.0,1,2,Leg,Dean Lister,Ezra Lenon
SUBMISSION,Heel hook,-1,-1,0,2013,1,,0,2,Leg,Dean Lister,Hideki Sekine
SUBMISSION,Armbar,-1,-1,0,2015,0,4.0,0,2,Arm,Dean Lister,Lee Hyoung
SUBMISSION,Heel hook,-1,-1,0,2015,1,,0,2,Leg,Dean Lister,Ricardo Mesquita
POINTS,,-1,-1,1,2011,0,4.0,4,2,nan,Gabrielle Garcia,Hannette Staack
SUBMISSION,D'arce choke,-1,-1,1,2013,0,4.0,1,2,Neck,Gabrielle Garcia,Yurika Nakakura
POINTS,,-1,-1,1,2013,0,4.0,2,2,nan,Gabrielle Garcia,Tammy Griego
SUBMISSION,,-1,-1,1,2013,0,4.0,4,2,nan,Gabrielle Garcia,Fernanda Mazelli
SUBMISSION,Armbar,-1,-1,1,2015,0,4.0,1,2,Arm,Gabrielle Garcia,Alison Tremblay
DECISION,,-1,-1,1,2015,0,4.0,3,2,nan,Gabrielle Garcia,Amanda Santana
SUBMISSION,Americana,-1,-1,1,2017,0,4.0,4,2,Arm,Gabrielle Garcia,Talita Treta
POINTS,,2,0,1,2019,0,4.0,1,2,nan,Gabrielle Garcia,Stefanie Egger
DECISION,,-1,-1,1,2019,0,4.0,2,2,nan,Gabrielle Garcia,Ana Carolina
SUBMISSION,Kimura,-1,-1,1,2019,0,4.0,4,2,Arm,Gabrielle Garcia,Carina Santi
SUBMISSION,RNC,-1,-1,0,2013,0,1.0,0,2,Neck,Gary Tonon,Satori Kitaoka
SUBMISSION,Footlock,-1,-1,0,2022,0,2.0,2,2,Leg,Giancarlo Bodoni,Eoghan OFlanagan
SUBMISSION,RNC,-1,-1,0,2019,0,3.0,0,2,Neck,Gordon Ryan,Ben Hodgkinson
SUBMISSION,RNC,-1,-1,0,2022,0,4.0,0,2,Neck,Gordon Ryan,Heikki Jussila
POINTS,,3,0,0,2011,0,0.0,0,3,nan,Justin Rader,Timo-Juhani
SUBMISSION,Heel hook,-1,-1,0,2013,1,,0,2,Leg,Keenan Cornelius,Erza Lennon
POINTS,,3,0,0,2015,0,2.0,0,3,nan,Keenan Cornelius,J. Urholin
DECISION,,-1,-1,0,2015,0,2.0,2,2,nan,Keenan Cornelius,Rustam Chsiev
POINTS,,6,0,0,2017,0,2.0,0,6,nan,Keenan Cornelius,Piotr Frechowicz
SUBMISSION,RNC,-1,-1,0,2009,0,1.0,0,2,Neck,Kron Gracie,Erico Cocco
SUBMISSION,Guillotine,-1,-1,0,2011,0,1.0,0,2,Neck,Kron Gracie,Jason Manly
SUBMISSION,RNC,-1,-1,0,2013,0,1.0,0,2,Neck,Kron Gracie,Andy Wang
POINTS,,3,0,0,2013,0,1.0,0,3,nan,Lucas Lepri,Tero Pyylampi
POINTS,,3,0,0,2015,0,1.0,0,3,nan,Lucas Lepri,Gamrot Mateusz
SUBMISSION,RNC,-1,-1,0,2017,0,1.0,0,2,Neck,Lucas Lepri,Osman Kasimov
SUBMISSION,Toe hold,-1,-1,1,2015,0,0.0,1,2,Leg,Mackenzie Dern,Kethe Engen
DECISION,,-1,-1,1,2015,0,0.0,2,2,nan,Mackenzie Dern,Bia Mesquita
POINTS,,3,0,0,2022,0,2.0,0,3,nan,Matheus Diniz,Rodrigo Dib
POINTS,,-1,-1,0,2013,0,2.0,0,2,nan,Lucas Leite,Josh Hayden
POINTS,,2,0,0,2000,0,1.0,0,2,nan,Marcio Feitosa,Caol Uno
SUBMISSION,Armbar,-1,-1,0,2001,0,1.0,0,2,Arm,Marcio Feitosa,Peter Angerer
POINTS,,-1,-1,0,2001,0,1.0,1,2,nan,Marcio Feitosa,F. Vasconcelos
POINTS,,-1,-1,0,2005,0,1.0,0,2,nan,Marcio Feitosa,Urija Faber
SUBMISSION,Toe hold,-1,-1,0,2013,0,4.0,0,2,Leg,Marcus Almeida,Jimmy Freidrich
SUBMISSION,Kimura,-1,-1,0,2013,0,4.0,1,2,Arm,Marcus Almeida,Hideki Sekine
SUBMISSION,RNC,-1,-1,0,2017,0,4.0,0,2,Neck,Marcus Almeida,A. Zhanpeisov
POINTS,,0,0,0,2017,1,,0,0,nan,Marcus Almeida,M. Perez
SUBMISSION,Kimura,-1,-1,0,2013,0,0.0,0,2,Arm,Rafael Mendes,Y. Takahito
SUBMISSION,Armbar,-1,-1,0,2013,0,0.0,1,2,Arm,Rafael Mendes,Tetsu Suzuki
POINTS,,-1,-1,0,2009,0,0.0,0,2,nan,Ryan Hall,Jeff Curran
POINTS,,5,4,0,2011,0,0.0,0,9,nan,Ryan Hall,Tetsu Hadario
POINTS,,6,0,0,2017,0,4.0,0,6,nan,Tim Spriggs,J. Pietkainen
POINTS,,3,0,0,2015,0,2.0,0,3,nan,Yuri Simoes,Ricardo Mesquita
SUBMISSION,RNC,-1,-1,0,2015,0,2.0,1,2,Neck,Yuri Simoes,Zbigniew Tyszka
DECISION,,-1,-1,0,2015,1,,0,2,nan,Yuri Simoes,Hideki Shrek
DECISION,,-1,-1,0,2017,0,3.0,1,2,nan,Yuri Simoes,M. Perez
SUBMISSION,Armbar,-1,-1,0,2019,0,4.0,0,2,Arm,Yuri Simoes,Elliot Marshal
DECISION,,-1,-1,0,2022,0,3.0,0,2,nan,Yuri Simoes,Luke Griffith
POINTS,,3,2,0,2017,0,0.0,0,5,nan,Geovanny Martinez,Kamil Wilk
POINTS,,5,0,0,2017,0,4.0,0,5,nan,Victor Honorio,Jesseray Childrey
SUBMISSION,Dogbar,-1,-1,0,2017,1,,0,2,Leg,Victor Honorio,A. Zhanpeisov
POINTS,,-1,-1,0,2013,0,4.0,0,2,nan,Jared Dopp,Amir Allam
SUBMISSION,Triangle,-1,-1,0,2017,0,4.0,0,2,Neck,Jared Dopp,Abdulaev Ruslan
POINTS,,3,0,0,2017,0,3.0,0,3,nan,Mahamed Aly,Kamil Uminski
POINTS,,2,0,0,2017,1,,0,2,nan,Mahamed Aly,Eliott Kelly
SUBMISSION,Outside heel hook,-1,-1,0,2019,1,,0,2,Leg,Mahamed Aly,Jon Hansen
SUBMISSION,Headlock,-1,-1,0,1998,0,4.0,0,2,Neck,Ricco Rodriguez,Yousef Elzien
POINTS,,5,0,0,1998,0,4.0,1,5,nan,Ricco Rodriguez,Ricardo Moraes
SUBMISSION,Armbar,-1,-1,0,1998,0,4.0,2,2,Arm,Ricco Rodriguez,Firas Nakdali
POINTS,,3,0,0,1998,0,4.0,4,3,nan,Ricco Rodriguez,Sean Alvarez
SUBMISSION,Armbar,-1,-1,0,1999,0,4.0,0,2,Arm,Ricco Rodriguez,Rocky Batastini
POINTS,,-1,-1,0,1999,1,,0,2,nan,Ricco Rodriguez,Kim Mason
DECISION,,-1,-1,0,2000,0,4.0,0,2,nan,Ricco Rodriguez,Carlos Barreto
DECISION,,-1,-1,0,2000,0,4.0,2,2,nan,Ricco Rodriguez,Ricardo Moraes
SUBMISSION,Armbar,-1,-1,0,2001,0,4.0,0,2,Arm,Ricco Rodriguez,Y. Yatso
POINTS,,2,0,0,2001,1,,0,2,nan,Ricco Rodriguez,A. Cacareco
SUBMISSION,Headlock,-1,-1,0,2005,0,4.0,0,2,Neck,Ricco Rodriguez,Halm Gocalli
SUBMISSION,Guillotine,-1,-1,0,2017,1,,0,2,Neck,Dillon Danis,Y. Ozawa
POINTS,,-1,-1,0,2013,0,0.0,1,2,nan,Justin Rader,Nicolas Renier
POINTS,,2,0,0,1999,0,0.0,1,2,nan,Alexandre de Freitas,Vinicius Magalhaes
SUBMISSION,RNC,-1,-1,0,2009,0,3.0,1,2,Neck,Alexandre Ribeiro,Radoslaw Turek
POINTS,,3,0,0,2009,0,3.0,4,3,nan,Alexandre Ribeiro,Gerardi Rinaldi
POINTS,,4,0,0,2011,0,3.0,3,4,nan,Alexandre Ribeiro,Antonio Peinado
SUBMISSION,Kneebar,-1,-1,0,2009,1,,2,2,Leg,Alexandre Ribeiro,Gunnar Nelson
POINTS,,2,0,0,2011,1,,1,2,nan,Alexandre Ribeiro,Gunnar Nelson
SUBMISSION,Triangle,-1,-1,0,2015,0,4.0,0,2,Neck,Abraham Marte Messina,Juskowiak Mateusz
SUBMISSION,Armbar,-1,-1,0,1998,0,0.0,1,2,Arm,Alexandre de Freitas,Trevor Lally
SUBMISSION,Armbar,-1,-1,0,1998,0,0.0,2,2,Arm,Alexandre de Freitas,Marc
SUBMISSION,Choke,-1,-1,0,1998,0,0.0,4,2,Neck,Alexandre de Freitas,Robin Gracie
SUBMISSION,Armbar,-1,-1,0,1999,0,0.0,0,2,Arm,Alexandre de Freitas,T. Hirono
POINTS,,-1,-1,0,2000,0,0.0,1,2,nan,Alexandre de Freitas,Sasha Plavski
SUBMISSION,RNC,-1,-1,0,2000,0,0.0,2,2,Neck,Alexandre de Freitas,Joe Gilbert
SUBMISSION,Guillotine,-1,-1,0,2001,0,0.0,0,2,Neck,Alexandre de Freitas,Y. Kinishi
POINTS,,-1,-1,0,2003,0,0.0,0,2,nan,Alexandre de Freitas,K. Hirate
SUBMISSION,Guillotine,-1,-1,0,2003,0,0.0,1,2,Neck,Alexandre de Freitas,Joaquim Hansen
POINTS,,-1,-1,0,2003,0,3.0,0,2,nan,Alexandre Ribeiro,Erik Paulson
SUBMISSION,Armbar,-1,-1,0,2005,0,3.0,0,2,Arm,Alexandre Ribeiro,Michael Groth
POINTS,,2,0,0,2005,0,3.0,1,2,nan,Alexandre Ribeiro,Jamal Peterson
POINTS,,6,0,0,2005,0,3.0,3,6,nan,Alexandre Ribeiro,John Einimo
SUBMISSION,Kneebar,-1,-1,0,2005,1,,0,2,Leg,Alexandre Ribeiro,Antoine Joude
SUBMISSION,RNC,-1,-1,0,2005,1,,1,2,Neck,Alexandre Ribeiro,Gabriel Napao
SUBMISSION,Submission,-1,-1,0,2007,0,3.0,0,2,Other/Unknown,Alexandre Ribeiro,Yukissyu Ozawa
SUBMISSION,Kimura,-1,-1,0,2007,0,3.0,1,2,Arm,Alexandre Ribeiro,Tim Carpenter
POINTS,,-1,-1,0,2009,0,3.0,0,2,nan,Alexandre Ribeiro,Ilir Latifi
SUBMISSION,RNC,-1,-1,0,2011,0,3.0,1,2,Neck,Alexandre Ribeiro,Lucio Lagarto
DESQUALIFICATION,,-1,-1,0,2011,1,,0,2,nan,Alexandre Ribeiro,Jeff Monson
SUBMISSION,Omoplata,-1,-1,0,2015,0,3.0,0,2,Arm,Alexandre Ribeiro,Yukiyasu Ozawa
SUBMISSION,Armbar,-1,-1,0,2017,1,,0,2,Arm,Alexandre Ribeiro,T. Pyylampi
POINTS,,-1,-1,0,2001,0,2.0,3,2,nan,Antonio Schembri,Egan Inoue
SUBMISSION,Kneebar,-1,-1,0,2001,0,0.0,0,2,Leg,Baret Yoshida,Gustavo Dantas
POINTS,,3,0,0,2011,0,2.0,1,3,nan,Andre Galvao,Gunnar Nelson
SUBMISSION,Armbar,-1,-1,0,1999,0,0.0,0,2,Arm,Baret Yoshida,Wellington Dias
POINTS,,5,0,0,1999,0,2.0,0,5,nan,Amaury Bitetti,Akira Shouji
SUBMISSION,Submission,-1,-1,0,2007,0,1.0,0,2,Other/Unknown,Andre Galvao,Chris Bright
SUBMISSION,Heel hook,-1,-1,0,2007,0,1.0,1,2,Leg,Andre Galvao,Mark Bocek
POINTS,,12,2,0,2009,0,2.0,0,14,nan,Andre Galvao,Kassim Anan
POINTS,,4,0,0,2009,0,2.0,1,4,nan,Andre Galvao,Chris Weidman
POINTS,,2,0,0,2009,0,2.0,2,2,nan,Andre Galvao,David Avellan
POINTS,,-1,-1,0,2009,1,,0,2,nan,Andre Galvao,Tom Bass
POINTS,,-1,-1,0,2011,0,2.0,0,2,nan,Andre Galvao,Don Ortega
SUBMISSION,RNC,-1,-1,0,2011,1,,0,2,Neck,Andre Galvao,Shinzo Ansai
SUBMISSION,RNC,-1,-1,0,2001,0,2.0,0,2,Neck,Antonio Schembri,Akihiro Gono
SUBMISSION,Omoplata,-1,-1,0,2001,0,2.0,1,2,Arm,Antonio Schembri,Alexander Savko
POINTS,,3,0,0,2015,0,1.0,0,3,nan,Augusto Mendes,Nicholas Renier
SUBMISSION,Triangle,-1,-1,0,2001,0,0.0,1,2,Neck,Baret Yoshida,N. Uematsu
SUBMISSION,RNC,-1,-1,0,2003,0,0.0,1,2,Neck,Baret Yoshida,Mike Mrkulic
SUBMISSION,RNC,-1,-1,0,2007,0,0.0,0,2,Neck,Baret Yoshida,Eddie Sanchez
SUBMISSION,Triangle,-1,-1,0,2007,0,0.0,1,2,Neck,Baret Yoshida,Yoshitomi Mishima
POINTS,,3,0,0,2007,0,0.0,3,3,nan,Baret Yoshida,Tetsu Suzuko
SUBMISSION,RNC,-1,-1,0,2011,0,0.0,0,2,Neck,Baret Yoshida,Nicolas Renier
POINTS,,12,0,1,2019,0,0.0,1,12,nan,Ffion Davies,Rikako Yuasa
SUBMISSION,Armbar,-1,-1,1,2019,0,0.0,2,2,Arm,Ffion Davies,Beatriz Mesquita
SUBMISSION,Kneebar,-1,-1,0,2005,0,3.0,0,2,Leg,Eduardo Telles,Antoine Joude
SUBMISSION,Triangle,-1,-1,0,2017,0,0.0,0,2,Neck,Ethan Crelinsten,Nicollas Renier
POINTS,,-1,-1,0,2003,0,4.0,0,2,nan,Fabricio Werdum,T. Kosaka
POINTS,,-1,-1,0,2003,0,4.0,1,2,nan,Fabricio Werdum,Jehad Hamdan
SUBMISSION,Armbar,-1,-1,0,2003,0,4.0,2,2,Arm,Fabricio Werdum,Mike Van
SUBMISSION,Armbar,-1,-1,0,2003,1,,0,2,Arm,Fabricio Werdum,Matt Lindland
POINTS,,7,0,0,2005,0,4.0,0,7,nan,Fabricio Werdum,Denis Roberts
POINTS,,5,0,0,2005,0,4.0,3,5,nan,Fabricio Werdum,Daniel Simoes
SUBMISSION,Heel hook,-1,-1,0,2005,1,,0,2,Leg,Fabricio Werdum,Reese Andy
SUBMISSION,Americana,-1,-1,0,2007,1,,0,2,Arm,Fabricio Werdum,Mario Rinaldi
SUBMISSION,Armbar,-1,-1,0,2007,0,4.0,0,2,Arm,Fabricio Werdum,Elvis Sinosic
POINTS,,-1,-1,0,2007,0,4.0,2,2,nan,Fabricio Werdum,Darren Andy
SUBMISSION,Kimura,-1,-1,0,2009,0,4.0,0,2,Arm,Fabricio Werdum,Rogent Lorent
POINTS,,-1,-1,0,2009,0,4.0,1,2,nan,Fabricio Werdum,Tomasz Janiszewski
SUBMISSION,Armbar,-1,-1,0,2011,0,4.0,1,2,Arm,Fabricio Werdum,Jeff Monson
SUBMISSION,Triangle,-1,-1,0,2015,0,3.0,1,2,Neck,Felipe Pena,Jimmy Friedrich
SUBMISSION,Armbar,-1,-1,0,2017,0,3.0,0,2,Arm,Felipe Pena,Y. Ozawa
POINTS,,8,0,0,2022,0,4.0,0,8,nan,Felipe Pena,Josh Saunders
SUBMISSION,D'arce choke,-1,-1,0,2011,0,0.0,1,2,Neck,Jeff Glover,Mark Ramos
SUBMISSION,Calf slicer,-1,-1,0,2013,0,0.0,0,2,Leg,Joao Miyao,Mark Ramos
DECISION,,-1,-1,0,2019,0,3.0,0,2,nan,Jackson Sousa,Paulo Pinto
POINTS,,6,0,0,2005,0,1.0,0,6,nan,Jake Shields,Diego Sanchez
POINTS,,3,0,0,2005,0,1.0,1,3,nan,Jake Shields,Cameron Earle
SUBMISSION,RNC,-1,-1,0,1999,0,1.0,1,2,Neck,Jean Jacques Machado,Micah Pittman
SUBMISSION,Ezekiel,-1,-1,0,2000,0,1.0,1,2,Neck,Jean Jacques Machado,Mikey Burnet
SUBMISSION,RNC,-1,-1,0,2001,0,1.0,0,2,Neck,Jean Jacques Machado,Serguei Onishuk
SUBMISSION,Armbar,-1,-1,0,2001,1,,0,2,Arm,Jean Jacques Machado,Y. Kohsaka
SUBMISSION,Triangle,-1,-1,0,2007,0,0.0,0,2,Neck,Jeff Glover,Jamie Ballard
POINTS,,-1,-1,0,2009,0,0.0,0,2,nan,Jeff Glover,Timo-Juhani
SUBMISSION,Heel hook,-1,-1,0,2015,0,0.0,0,2,Leg,Jeff Glover,Daniel Hortegas
SUBMISSION,Heel hook,-1,-1,0,2011,0,3.0,0,2,Leg,Joao Assis,James Poupolo
POINTS,,9,0,0,2013,0,3.0,0,9,nan,Joao Assis,Liu Wen
POINTS,,3,0,0,2013,0,3.0,1,3,nan,Joao Assis,Tomasz Narkun
POINTS,,3,0,0,2015,0,3.0,0,3,nan,Joao Assis,Tomasz Narkun
SUBMISSION,Inside heel hook,-1,-1,0,2017,0,3.0,0,2,Leg,Joao Assis,Jeff Monson
SUBMISSION,RNC,-1,-1,0,2013,0,4.0,0,2,Neck,Joao Gabriel Rocha,Michael Wilson
POINTS,,-1,-1,0,2013,1,,0,2,nan,Joao Gabriel Rocha,David Avellan
POINTS,,17,0,0,2015,0,4.0,0,17,nan,Joao Gabriel Rocha,Jason Lees
SUBMISSION,RNC,-1,-1,0,2013,0,1.0,0,2,Neck,Jonathan Torres,Eduardo Rios
DECISION,,-1,-1,0,2013,1,,5,2,nan,Jose Mario Sperry,Fabio Gurgel
POINTS,,15,0,0,2000,0,2.0,0,15,nan,Jorge Patino,Karl Webber
POINTS,,6,0,0,2000,0,2.0,1,6,nan,Jorge Patino,Egan Inoe
POINTS,,14,0,0,2005,0,2.0,0,14,nan,Jorge Patino,Take Hanai
SUBMISSION,Inside heel hook,-1,-1,0,2019,0,2.0,0,2,Leg,Jon Blank,Rustam Chsiev
POINTS,,-1,-1,0,1998,0,3.0,0,2,nan,Jose Mario Sperry,Muhammad Saleh
SUBMISSION,Armbar,-1,-1,0,1998,0,3.0,1,2,Arm,Jose Mario Sperry,Larry Parker
SUBMISSION,Choke,-1,-1,0,1998,0,3.0,2,2,Neck,Jose Mario Sperry,Renato Verissimo
POINTS,,4,0,0,1998,1,,1,4,nan,Jose Mario Sperry,Oleg Taktarov
SUBMISSION,Footlock,-1,-1,0,1998,1,,2,2,Leg,Jose Mario Sperry,Simon Siasi
POINTS,,-1,-1,0,1999,1,,5,2,nan,Jose Mario Sperry,Enson Inoe
DECISION,,-1,-1,0,2022,0,1.0,0,2,nan,Jonathan Torres,Keita Iwamoto
POINTS,,8,0,0,2022,0,3.0,0,8,nan,Kaynan Duarte,Owen Livesey
SUBMISSION,Guillotine,-1,-1,1,2022,0,4.0,1,2,Neck,Kendall Reusing,Giovanna Jara
POINTS,,-1,-1,0,2013,0,3.0,3,2,nan,Leonardo Nogueira,Cristiano Lazzarini
SUBMISSION,Triangle,-1,-1,0,2019,0,0.0,0,2,Neck,Kennedy Maciel,R. Alvarenga
SUBMISSION,Guillotine,-1,-1,0,2013,0,3.0,0,2,Neck,Leonardo Nogueira,Alian Drueco
POINTS,,-1,-1,0,2013,0,3.0,1,2,nan,Leonardo Nogueira,Mikael Knutsson
SUBMISSION,Armbar,-1,-1,0,2005,0,1.0,1,2,Arm,Leonardo Santos,George St
POINTS,,-1,-1,0,2009,0,1.0,0,2,nan,Leonardo Santos,Yoshiyuki Yoshida
SUBMISSION,Katagatame,-1,-1,0,2001,0,1.0,0,2,Neck,Leonardo Vieira,Morris Clifoni
SUBMISSION,Submission,-1,-1,0,2003,0,1.0,0,2,Other/Unknown,Leonardo Vieira,Allan Teo
POINTS,,-1,-1,0,2005,0,1.0,0,2,nan,Leonardo Vieira,T. Suzuki
SUBMISSION,Guillotine,-1,-1,0,2005,0,1.0,1,2,Neck,Leonardo Vieira,Joey Gilbert
SUBMISSION,North south choke,-1,-1,0,2005,0,1.0,2,2,Neck,Leonardo Vieira,Rob Di
POINTS,,8,0,0,2007,0,1.0,2,8,nan,Leonardo Vieira,T. Suzuki
POINTS,,-1,-1,0,2009,0,1.0,0,2,nan,Leonardo Vieira,D. Marinakis
POINTS,,6,0,0,2013,0,1.0,0,6,nan,Leonardo Vieira,Sotaro Yamada
SUBMISSION,RNC,-1,-1,0,2005,0,1.0,1,2,Neck,Marcelo Garcia,Shinya Aoki
SUBMISSION,Armbar,-1,-1,0,2007,1,,1,2,Arm,Marcelo Garcia,Rolles Gracie
SUBMISSION,Guillotine,-1,-1,0,2007,0,1.0,2,2,Neck,Marcelo Garcia,Mike Fowler
SUBMISSION,Guillotine,-1,-1,0,2009,0,1.0,0,2,Neck,Marcelo Garcia,Rodney Ellis
SUBMISSION,RNC,-1,-1,0,2009,1,,0,2,Neck,Marcelo Garcia,Bruno Bastos
POINTS,,-1,-1,0,2007,0,4.0,1,2,nan,Marcio Cruz,Marcos Oliveira
POINTS,,-1,-1,0,2009,0,3.0,0,2,nan,Marcio Cruz,Anthony Perosh
SUBMISSION,RNC,-1,-1,0,2003,0,1.0,0,2,Neck,Marcelo Garcia,Kiuma Kunioku
SUBMISSION,RNC,-1,-1,0,2003,1,,0,2,Neck,Marcelo Garcia,Mike Van
SUBMISSION,Armbar,-1,-1,0,2005,1,,1,2,Arm,Marcelo Garcia,Diego Sanchez
SUBMISSION,North south choke,-1,-1,0,2007,1,,0,2,Neck,Marcelo Garcia,Mario Miranda
SUBMISSION,RNC,-1,-1,0,2007,1,,2,2,Neck,Marcelo Garcia,A. Cacareco
SUBMISSION,Guillotine,-1,-1,0,2007,0,1.0,0,2,Neck,Marcelo Garcia,George Sotiropoulos
SUBMISSION,RNC,-1,-1,0,2007,0,1.0,1,2,Neck,Marcelo Garcia,Kurt Pellegrino
SUBMISSION,Guillotine,-1,-1,0,2009,0,1.0,2,2,Neck,Marcelo Garcia,Keita Nakamura
POINTS,,6,0,0,2013,0,0.0,0,6,nan,Marcio Andre Barbosa Junior,Robert Sabaruddin
SUBMISSION,Kneebar,-1,-1,0,2001,0,4.0,0,2,Leg,Marcio Cruz,Van Arsdale
POINTS,,-1,-1,0,2003,0,4.0,0,2,nan,Marcio Cruz,Mike Whitehead
POINTS,,-1,-1,0,2003,0,4.0,1,2,nan,Marcio Cruz,Jeff Monson
SUBMISSION,Guillotine,-1,-1,0,2003,0,4.0,2,2,Neck,Marcio Cruz,Alex Negao
POINTS,,-1,-1,0,2003,1,,0,2,nan,Marcio Cruz,Ilir Lafiti
SUBMISSION,RNC,-1,-1,0,2005,0,4.0,0,2,Neck,Marcio Cruz,Miodrag Petkovic
POINTS,,2,0,0,2005,0,4.0,1,2,nan,Marcio Cruz,Daniel Simoes
SUBMISSION,Armbar,-1,-1,0,2007,0,4.0,0,2,Arm,Marcio Cruz,J. Pietlainen
POINTS,,-1,-1,0,2007,0,4.0,3,2,nan,Marcio Cruz,Darren Andy
SUBMISSION,RNC,-1,-1,0,2001,0,1.0,0,2,Neck,Matt Serra,Takanori Gomi
DECISION,,-1,-1,0,2017,0,4.0,1,2,nan,Orlando Sanchez,Thomas DeBlass
SUBMISSION,Armbar,-1,-1,0,2011,0,1.0,0,2,Arm,Murilo Santana,Jorge Britto
SUBMISSION,Armbar,-1,-1,0,2011,1,,0,2,Arm,Murilo Santana,Marko Helen
POINTS,,0,0,0,2019,0,2.0,0,0,nan,Murilo Santana,Keller Sodhi
SUBMISSION,RNC,-1,-1,0,2013,0,1.0,0,2,Neck,Otavio Sousa,Youngnam Noh
SUBMISSION,Omoplata,-1,-1,0,2013,0,1.0,1,2,Arm,Otavio Sousa,Ben Henderson
SUBMISSION,RNC,-1,-1,0,2013,0,4.0,0,2,Neck,Orlando Sanchez,Kitner Mendoga
POINTS,,2,0,0,2017,0,4.0,0,2,nan,Orlando Sanchez,H. Sekine
POINTS,,2,0,0,2019,0,4.0,0,2,nan,Orlando Sanchez,Mateusz Juskowiak
POINTS,,2,0,0,2017,0,0.0,0,2,nan,Pablo Mantovani,E. Elgland
POINTS,,-1,-1,0,2007,0,1.0,0,2,nan,Pablo Popovitch,Eric Dahlberg
SUBMISSION,RNC,-1,-1,0,2009,0,1.0,0,2,Neck,Pablo Popovitch,Don Ortega
SUBMISSION,Toe hold,-1,-1,0,2009,0,1.0,1,2,Leg,Pablo Popovitch,Ben Askren
POINTS,,3,0,0,2013,0,2.0,0,3,nan,Pablo Popovitch,Doorwang Jeon
POINTS,,-1,-1,0,2013,0,2.0,1,2,nan,Pablo Popovitch,David Avellan
POINTS,,10,0,0,2017,0,0.0,0,10,nan,Paulo Miyao,Janus Andrejczuk
POINTS,,5,0,0,2019,0,0.0,0,5,nan,Paulo Miyao,Kenta Iwamoto
SUBMISSION,D'arce choke,-1,-1,0,2009,0,2.0,1,2,Neck,Rafael Lovato Jr,Bruno Bastos
POINTS,,2,0,0,2005,0,0.0,1,2,nan,Rany Yahya,Wagnney Fabiano
POINTS,,3,0,0,1999,0,2.0,3,3,nan,Ricardo Liborio,Egan Inoue
POINTS,,3,2,0,2022,0,2.0,0,5,nan,Pedro Marinho,Jacob Rodriguez
SUBMISSION,Armbar,-1,-1,0,2007,0,2.0,0,2,Arm,Rafael Lovato Jr,Marko Helen
POINTS,,-1,-1,0,2009,0,2.0,0,2,nan,Rafael Lovato Jr,Tom Lawlor
SUBMISSION,RNC,-1,-1,0,2011,0,2.0,0,2,Neck,Rafael Lovato Jr,Jeon Doo
SUBMISSION,Triangle,-1,-1,0,2011,0,2.0,1,2,Neck,Rafael Lovato Jr,Kyle Griffin
SUBMISSION,Triangle,-1,-1,0,2013,0,2.0,0,2,Neck,Rafael Lovato Jr,Shinsho Anzai
SUBMISSION,Triangle,-1,-1,0,2013,0,2.0,1,2,Neck,Rafael Lovato Jr,Rustam Chsiev
POINTS,,7,0,0,2015,0,2.0,0,7,nan,Rafael Lovato Jr,Hidemi Mihara
POINTS,,5,0,0,2015,1,,0,5,nan,Rafael Lovato Jr,Abdulkadirov Magomed
POINTS,,-1,-1,0,2017,0,3.0,0,2,nan,Rafael Lovato Jr,Eliott Kelly
SUBMISSION,RNC,-1,-1,0,2022,0,3.0,0,2,Neck,Rafael Lovato Jr,Perttu Terpponnen
SUBMISSION,Submission,-1,-1,0,2003,0,0.0,0,2,Other/Unknown,Rany Yahya,Teemu Launis
SUBMISSION,D'arce choke,-1,-1,0,2005,0,0.0,0,2,Neck,Rany Yahya,Mario Delgado
SUBMISSION,Submission,-1,-1,0,2007,0,0.0,0,2,Other/Unknown,Rany Yahya,Darrel Moodley
SUBMISSION,Choke,-1,-1,0,2009,0,0.0,0,2,Neck,Rany Yahya,Kouhei Yasumi
DECISION,,-1,-1,0,1998,0,1.0,0,2,nan,Renzo Gracie,Frank Trigg
POINTS,,3,0,0,1998,0,1.0,1,3,nan,Renzo Gracie,Rodrigo Modrias
POINTS,,3,0,0,1998,0,1.0,2,3,nan,Renzo Gracie,Fabiano Iha
POINTS,,3,0,0,2000,0,1.0,1,3,nan,Renzo Gracie,Israel Albuquerque
POINTS,,-1,-1,0,2001,0,2.0,0,2,nan,Renzo Gracie,Chris Brown
POINTS,,-1,-1,0,2003,0,1.0,0,2,nan,Renzo Gracie,G. Sotiropoulos
SUBMISSION,Guillotine,-1,-1,0,2000,1,,0,2,Neck,Ricardo Almeida,Josh Barnet
SUBMISSION,RNC,-1,-1,0,2001,0,3.0,0,2,Neck,Ricardo Almeida,Y. Setsenko
POINTS,,2,0,0,2001,0,3.0,2,2,nan,Ricardo Almeida,A. Cacareco
POINTS,,-1,-1,0,2001,1,,0,2,nan,Ricardo Almeida,Marshurenko
SUBMISSION,Armbar,-1,-1,0,2001,1,,1,2,Arm,Ricardo Almeida,M. Van
POINTS,,-1,-1,0,2003,0,2.0,1,2,nan,Ricardo Almeida,Andy Reese
POINTS,,-1,-1,0,2000,0,3.0,1,2,nan,Ricardo Arona,Kareem Barkalev
POINTS,,2,0,0,2001,0,3.0,1,2,nan,Ricardo Arona,R. Babalu
SUBMISSION,Footlock,-1,-1,0,2001,1,,0,2,Leg,Ricardo Arona,Roger Neff
POINTS,,3,0,0,2001,1,,2,3,nan,Ricardo Arona,Vitor Belfort
POINTS,,5,0,0,1999,0,2.0,0,5,nan,Ricardo Liborio,Akihiro Gono
POINTS,,16,0,0,1999,0,2.0,1,16,nan,Ricardo Liborio,Luis Orlando
SUBMISSION,RNC,-1,-1,0,2000,0,2.0,0,2,Neck,Ricardo Liborio,Toshiyuki Oyama
SUBMISSION,Guillotine,-1,-1,0,2013,0,0.0,0,2,Neck,Ricardo Vieira,Yuta Sasaki
POINTS,,-1,-1,0,2009,0,4.0,0,2,nan,Roberto Abreu,Thomas DeBlass
POINTS,,5,0,0,1999,1,,2,5,nan,Roberto Traven,Garth Taylor
POINTS,,2,0,0,2000,0,3.0,0,2,nan,Rodrigo Medeiros,Travis Lutter
POINTS,,-1,-1,0,1999,0,3.0,0,2,nan,Rigan Machado,Sanae Kikuta
POINTS,,2,0,0,1999,0,3.0,1,2,nan,Rigan Machado,Jerry Bolander
POINTS,,7,0,0,2000,0,4.0,1,7,nan,Rigan Machado,Pete Williams
POINTS,,-1,-1,0,2003,0,3.0,0,2,nan,Rigan Machado,Yuki Ozawa
POINTS,,-1,-1,0,2009,0,4.0,1,2,nan,Roberto Abreu,Asa Fuller
SUBMISSION,Armbar,-1,-1,0,2011,0,4.0,0,2,Arm,Roberto Abreu,Sekine Hideki
SUBMISSION,Armbar,-1,-1,0,2013,0,4.0,0,2,Arm,Roberto Abreu,Mike Martelle
POINTS,,-1,-1,0,2013,1,,0,2,nan,Roberto Abreu,Kamil Huminski
POINTS,,0,0,0,2017,0,4.0,0,0,nan,Roberto Abreu,Khazmat Stambulov
POINTS,,6,0,0,2019,0,4.0,1,6,nan,Roberto Abreu,John Hansen
SUBMISSION,Submission,-1,-1,0,1999,0,3.0,0,2,Other/Unknown,Roberto Traven,Jurie Rachel
POINTS,,6,0,0,1999,1,,1,6,nan,Roberto Traven,Luis Roberto
POINTS,,2,0,0,1999,1,,4,2,nan,Roberto Traven,Hayato Sakurai
SUBMISSION,RNC,-1,-1,0,2001,0,0.0,0,2,Neck,Robson Moura,Hiroyuko Abe
DECISION,,-1,-1,0,2001,0,0.0,1,2,nan,Robson Moura,Joe Guilbert
POINTS,,3,0,0,2011,0,0.0,0,3,nan,Robson Moura,Greger Forsel
SUBMISSION,Armbar,-1,-1,0,2011,0,3.0,0,2,Arm,Rodolfo Vieira,Joseph Lee
SUBMISSION,Kimura,-1,-1,0,2015,1,,0,2,Arm,Rodolfo Vieira,Ben Henderson
SUBMISSION,Choke,-1,-1,0,1998,0,2.0,0,2,Neck,Rodrigo Gracie,Adrian Serrano
POINTS,,6,0,0,1998,0,2.0,1,6,nan,Rodrigo Gracie,Carlos Newton
SUBMISSION,Armbar,-1,-1,0,1998,0,2.0,2,2,Arm,Rodrigo Gracie,Ahmad Faraj
SUBMISSION,Submission,-1,-1,0,2001,0,1.0,1,2,Other/Unknown,Rodrigo Gracie,Gavin Kulper
POINTS,,2,0,0,2003,0,2.0,0,2,nan,Rodrigo Medeiros,Nathan Marquardt
SUBMISSION,RNC,-1,-1,0,2005,0,3.0,0,2,Neck,Roger Gracie,Justin Garcia
POINTS,,5,0,0,2007,1,,5,5,nan,Roger Gracie,Jon Einemo
POINTS,,-1,-1,0,2007,0,2.0,0,2,nan,Romulo Barral,Travers Grubb
SUBMISSION,Kneebar,-1,-1,0,2009,0,4.0,0,2,Leg,Romulo Barral,Denis Roberts
SUBMISSION,Kneebar,-1,-1,0,2013,0,2.0,0,2,Leg,Romulo Barral,Kim Dong
SUBMISSION,Kimura,-1,-1,0,2015,0,2.0,0,2,Arm,Romulo Barral,C. Jones
SUBMISSION,Kimura,-1,-1,0,2015,0,2.0,1,2,Arm,Romulo Barral,Nieman Gracie
SUBMISSION,Kimura,-1,-1,0,2005,0,2.0,0,2,Arm,Ronaldo Souza,David Bielkheden
SUBMISSION,Armbar,-1,-1,0,2005,0,2.0,2,2,Arm,Ronaldo Souza,Dennis Hallman
POINTS,,6,0,0,2005,1,,0,6,nan,Ronaldo Souza,David Avellan
SUBMISSION,Kneebar,-1,-1,0,2005,1,,1,2,Leg,Ronaldo Souza,A. Cacareco
POINTS,,-1,-1,0,1999,0,0.0,1,2,nan,Royler Gracie,Joao Roque
POINTS,,5,0,0,1999,0,3.0,2,5,nan,Saulo Ribeiro,Murilo Bustamante
POINTS,,-1,-1,0,2011,0,2.0,0,2,nan,Sergio Moraes,James Harbison
POINTS,,2,0,0,2001,0,2.0,0,2,nan,Saulo Ribeiro,Travis Lutter
SUBMISSION,Heel hook,-1,-1,0,2011,0,2.0,0,2,Leg,Rousimar Palhares,Dan Schon
SUBMISSION,Triangle,-1,-1,0,1999,0,0.0,0,2,Neck,Royler Gracie,Juan Valles
POINTS,,12,0,0,1999,0,0.0,2,12,nan,Royler Gracie,Melchor M.
POINTS,,10,0,0,2000,0,0.0,2,10,nan,Royler Gracie,A. Hamlet
SUBMISSION,RNC,-1,-1,0,2001,0,0.0,0,2,Neck,Royler Gracie,Martin Brown
SUBMISSION,Footlock,-1,-1,0,2001,0,0.0,1,2,Leg,Royler Gracie,Mike Cardosa
SUBMISSION,RNC,-1,-1,0,2003,0,0.0,0,2,Neck,Royler Gracie,Charles Pearson
SUBMISSION,Armbar,-1,-1,0,2009,0,0.0,0,2,Arm,Rubens Charles,Hiroshi Nakamura
SUBMISSION,RNC,-1,-1,0,2009,0,0.0,1,2,Neck,Rubens Charles,Joel Tudor
SUBMISSION,Triangle,-1,-1,0,2011,0,0.0,0,2,Neck,Rubens Charles,David Marinakis
SUBMISSION,RNC,-1,-1,0,2015,0,0.0,0,2,Neck,Rubens Charles,Tezekbaev Rasul
POINTS,,3,0,0,2017,0,0.0,0,3,nan,Rubens Charles,U. Zhakshylyk
SUBMISSION,Armbar,-1,-1,0,2017,0,0.0,1,2,Arm,Rubens Charles,Kuba Witkowski
POINTS,,16,0,0,1999,0,3.0,1,16,nan,Saulo Ribeiro,Vernon White
POINTS,,2,0,0,2000,0,2.0,0,2,nan,Saulo Ribeiro,Jerry Bolander
SUBMISSION,RNC,-1,-1,0,2000,0,2.0,1,2,Neck,Saulo Ribeiro,Dave Menne
POINTS,,-1,-1,0,2001,0,2.0,1,2,nan,Saulo Ribeiro,R. Anderson
POINTS,,11,2,0,2001,1,,0,13,nan,Saulo Ribeiro,T. Yano
POINTS,,-1,-1,0,2003,0,2.0,0,2,nan,Saulo Ribeiro,Yuki Sasaki
DECISION,,-1,-1,0,2003,1,,0,2,nan,Saulo Ribeiro,Jeff Monson
POINTS,,3,0,0,2005,0,2.0,0,3,nan,Saulo Ribeiro,L. Papadopoulis
SUBMISSION,Armbar,-1,-1,0,2005,0,2.0,3,2,Arm,Saulo Ribeiro,Dennis Hallman
POINTS,,-1,-1,0,2009,0,4.0,0,2,nan,Saulo Ribeiro,Kouji Kanechika
POINTS,,-1,-1,0,2007,0,2.0,0,2,nan,Tarsis Humpreys,Jorge Santiago
SUBMISSION,Choke,-1,-1,0,2007,0,2.0,1,2,Neck,Tarsis Humpreys,David Avellan
POINTS,,-1,-1,0,2009,0,2.0,0,2,nan,Tarsis Humpreys,I. Praporshchikov
SUBMISSION,Footlock,-1,-1,0,2011,0,4.0,1,2,Leg,Vinicius Magalhaes,Jose Junior
POINTS,,3,0,0,2011,0,4.0,2,3,nan,Vinicius Magalhaes,Gerardi Rinaldi
SUBMISSION,Heel hook,-1,-1,0,2011,1,,0,2,Leg,Vinicius Magalhaes,Bruno Bastos
SUBMISSION,Toe hold,-1,-1,0,2017,0,4.0,0,2,Leg,Vinicius Magalhaes,Bruno Bastos
POINTS,,3,0,0,2009,1,,3,3,nan,Vinicius Magalhaes,Gunnar Nelson
POINTS,,2,0,0,2015,0,1.0,0,2,nan,Vagner Rocha,Milton Vieira
POINTS,,3,0,0,2017,0,1.0,0,3,nan,Vagner Rocha,Tero Pyylampi
DECISION,,-1,-1,0,2022,0,2.0,0,2,nan,Vagner Rocha,Isaak Michel
SUBMISSION,Toe hold,-1,-1,0,2022,0,2.0,3,2,Leg,Vagner Rocha,Eoghan OFlanagan
POINTS,,2,0,0,2011,0,1.0,0,2,nan,Victor Estima,Sanshiro Nakamura
SUBMISSION,Armbar,-1,-1,0,2009,1,,1,2,Arm,Vinicius Magalhaes,Chris Wideman
POINTS,,2,0,0,2011,0,4.0,0,2,nan,Vinicius Magalhaes,Luke Costello
SUBMISSION,Heel hook,-1,-1,0,2013,0,4.0,0,2,Leg,Vinicius Magalhaes,Wang Yan
SUBMISSION,Heel hook,-1,-1,0,2015,0,4.0,0,2,Leg,Vinicius Magalhaes,P. Ardilla
POINTS,,4,0,0,2000,0,1.0,0,4,nan,Vitor Ribeiro,Rumina Sato
POINTS,,3,0,0,2003,0,1.0,3,3,nan,Vitor Ribeiro,Chris Brown
SUBMISSION,Katagatame,-1,-1,0,2007,0,3.0,1,2,Neck,Braulio Estima,Cristiano Lazzarini
POINTS,,-1,-1,0,2003,0,2.0,1,2,nan,David Terrell,Fernando Vieira
SUBMISSION,Heel hook,-1,-1,0,2013,0,3.0,2,2,Leg,Dean Lister,Cristiano Lazzarini
POINTS,,2,0,1,2011,0,4.0,4,2,nan,Gabrielle Garcia,Hanette Staack
POINTS,,-1,-1,0,1999,1,,3,2,nan,Ricco Rodriguez,Garth Taylor
POINTS,,2,0,1,2017,0,4.0,2,2,nan,Gabrielle Garcia,Jessica Flowers
SUBMISSION,Armbar,-1,-1,0,2003,1,,1,2,Arm,Fabricio Werdum,Akira Soji
SUBMISSION,RNC,-1,-1,0,2003,0,1.0,4,2,Neck,Marcelo Garcia,Otto Olsen
POINTS,,3,0,0,2001,0,3.0,2,3,nan,Ricardo Arona,Olav Einemo
DECISION,,-1,-1,0,2015,0,0.0,1,2,nan,Bruno Frazatto,Renan Sancar
SUBMISSION,RNC,-1,-1,0,2019,0,1.0,0,2,Neck,Gary Tonon,Mateusz Garmot
SUBMISSION,D'arce choke,-1,-1,0,2013,0,2.0,1,2,Neck,Keenan Cornelius,Oskar Piechota
POINTS,,8,0,0,2013,1,,1,8,nan,Keenan Cornelius,Oskar Piechota
SUBMISSION,Outside heel hook,-1,-1,0,2017,0,2.0,1,2,Leg,Keenan Cornelius,Kaynan D.
SUBMISSION,Triangle,-1,-1,0,2009,0,0.0,0,2,Neck,Rafael Mendes,Jayson Patino
POINTS,,8,0,0,2019,0,3.0,0,8,nan,Patrick Gaudio,Mraz Avdoyan
SUBMISSION,Kneebar,-1,-1,0,2000,0,4.0,1,2,Leg,Ricco Rodriguez,Rodrigo Minotauro
SUBMISSION,Kneebar,-1,-1,0,2001,0,4.0,1,2,Leg,Ricco Rodriguez,Roger Neff
SUBMISSION,,-1,-1,0,2015,0,3.0,0,2,nan,Cassio Francis,Tobias G
POINTS,,-1,-1,0,2007,0,3.0,2,2,nan,Alexandre Ribeiro,Robert Drysdale
SUBMISSION,Choke,-1,-1,0,1999,0,0.0,2,2,Neck,Alexandre de Freitas,Sasha Palvski
POINTS,,5,0,0,2011,0,3.0,0,5,nan,Alexandre Ribeiro,Kari Petola
POINTS,,-1,-1,0,2007,0,1.0,3,2,nan,Andre Galvao,Mike Fowler
POINTS,,6,0,1,2022,0,0.0,2,6,nan,Ffion Davies,Beatriz Mesquita
SUBMISSION,RNC,-1,-1,1,2022,0,0.0,1,2,Neck,Ffion Davies,Adele Fornarino
SUBMISSION,RNC,-1,-1,0,1999,0,1.0,0,2,Neck,Jean Jacques Machado,Ryan Harvey
SUBMISSION,RNC,-1,-1,0,1999,0,1.0,2,2,Neck,Jean Jacques Machado,Hayato Sakurai
SUBMISSION,RNC,-1,-1,0,1999,0,1.0,4,2,Neck,Jean Jacques Machado,Caol Uno
POINTS,,-1,-1,0,2011,0,0.0,0,2,nan,Jeff Glover,Tom Barlow
POINTS,,3,0,0,2013,0,4.0,1,3,nan,Joao Gabriel Rocha,Janne Pietilainen
POINTS,,5,0,0,1998,0,3.0,4,5,nan,Jose Mario Sperry,Ricardo Alves
POINTS,,-1,-1,0,2007,0,1.0,0,2,nan,Leonardo Vieira,Sim Go
SUBMISSION,Armbar,-1,-1,0,2005,0,4.0,0,2,Arm,Marcio Corleta,Jason White
POINTS,,8,0,0,2022,0,4.0,0,8,nan,Nick Rodriguez,Damon Ramos
SUBMISSION,RNC,-1,-1,0,2022,0,4.0,1,2,Neck,Nick Rodriguez,John Hansen
SUBMISSION,Armbar,-1,-1,0,2015,0,4.0,0,2,Arm,Orlando Sanchez,Janne-Pekka
POINTS,,2,0,0,2005,0,1.0,1,2,nan,Pablo Popovitch,Roan Jucao
POINTS,,-1,-1,0,2011,1,,0,2,nan,Pablo Popovitch,Janne-Pekka
SUBMISSION,RNC,-1,-1,0,2015,0,2.0,0,2,Neck,Pablo Popovitch,Zbigniew Tyszka
POINTS,,-1,-1,0,2007,0,0.0,1,2,nan,Rany Yahya,Bruno Chavez
SUBMISSION,Guillotine,-1,-1,0,1998,0,1.0,4,2,Neck,Renzo Gracie,Luis Brito
SUBMISSION,Submission,-1,-1,0,1999,0,2.0,0,2,Other/Unknown,Renzo Gracie,Fan Yi
SUBMISSION,Kneebar,-1,-1,0,2000,0,3.0,0,2,Leg,Ricardo Arona,H. Kanehara
POINTS,,2,0,0,2000,0,3.0,2,2,nan,Ricardo Arona,Tito Ortiz
POINTS,,-1,-1,0,2000,0,3.0,4,2,nan,Ricardo Arona,Jeff Monson
POINTS,,2,0,0,2001,0,3.0,0,2,nan,Ricardo Arona,R. Mashurenko
SUBMISSION,Armbar,-1,-1,0,2001,0,2.0,0,2,Arm,Ricardo Liborio,Tamura
POINTS,,2,0,0,2019,0,4.0,0,2,nan,Roberto Abreu,Hudson Taylor
POINTS,,2,0,0,1999,1,,0,2,nan,Roberto Traven,F. Capoane
SUBMISSION,Katagatame,-1,-1,0,2015,0,3.0,0,2,Neck,Rodolfo Vieira,Adam Sachnoff
DECISION,,-1,-1,0,2015,0,4.0,0,2,nan,Rodrigo Cavaca,Hideki Sekine
POINTS,,-1,-1,0,1998,0,2.0,4,2,nan,Rodrigo Gracie,Kareem Barkalev
POINTS,,9,0,0,2001,0,1.0,0,9,nan,Rodrigo Gracie,Genki Sudo
SUBMISSION,Armbar,-1,-1,0,2003,0,2.0,1,2,Arm,Ronaldo Souza,Matt Lindland
SUBMISSION,Triangle,-1,-1,0,2005,0,2.0,1,2,Neck,Ronaldo Souza,Robert Sulski
POINTS,,22,0,0,2000,0,0.0,1,22,nan,Royler Gracie,J. Wakabayashi
SUBMISSION,RNC,-1,-1,0,2013,0,0.0,0,2,Neck,Rubens Charles,D. Hemmings
SUBMISSION,Submission,-1,-1,0,2007,0,1.0,0,2,Other/Unknown,Saulo Ribeiro,Takefuni Hanai
POINTS,,3,0,0,2022,0,4.0,0,3,nan,Victor Hugo,Dan Manasoiu
SUBMISSION,Cross face,-1,-1,1,2019,0,0.0,1,2,Neck,Bianca Basilio,Livia Giles
POINTS,,2,0,0,2017,0,3.0,0,2,nan,Yuri Simoes,Roman Dolidze
POINTS,,10,0,0,2000,0,0.0,0,10,nan,Alexandre de Freitas,T. Yano
SUBMISSION,Guillotine,-1,-1,0,2001,0,0.0,1,2,Neck,Alexandre de Freitas,T. Yano
DECISION,,-1,-1,0,2015,0,3.0,1,2,nan,Alexandre Ribeiro,Hector Lombard
POINTS,,-1,-1,0,2007,1,,3,2,nan,Andre Galvao,A. Cacareco
SUBMISSION,Outside heel hook,-1,-1,0,2015,0,0.0,0,2,Leg,Edward Cummings,Asadulaev Surkhay
SUBMISSION,RNC,-1,-1,0,2000,0,1.0,0,2,Neck,Jean Jacques Machado,Marcio Cromado
INJURY,,-1,-1,0,2015,0,3.0,1,2,nan,Joao Assis,Kamil Uminski
SUBMISSION,RNC,-1,-1,0,2000,0,1.0,0,2,Neck,Leonardo Vieira,Bob Schirmer
INJURY,,-1,-1,0,2005,0,1.0,0,2,nan,Marcelo Garcia,Chris Brennan
SUBMISSION,Submission,-1,-1,0,1999,0,3.0,0,2,Other/Unknown,Ricardo Almeida,Gao Hua
POINTS,,-1,-1,0,2003,1,,5,2,nan,Ricardo Arona,Mark Kerr
POINTS,,-1,-1,0,2011,0,4.0,1,2,nan,Roberto Abreu,Glover Teixeira
SUBMISSION,Verbal tap,-1,-1,0,2005,0,3.0,4,2,Other/Unknown,Roger Gracie,A. Cacareco
SUBMISSION,Heel hook,-1,-1,0,2011,0,2.0,1,2,Leg,Rousimar Palhares,David Avellan
SUBMISSION,Choke,-1,-1,0,1999,0,3.0,0,2,Neck,Saulo Ribeiro,Mourat Ozov
SUBMISSION,Armbar,-1,-1,0,2009,0,3.0,3,2,Arm,Vinicius Magalhaes,Glover Teixeira
SUBMISSION,Twister,-1,-1,0,2015,0,4.0,1,2,Other/Unknown,Vinicius Magalhaes,Rodrigo Artilheiro
POINTS,,2,0,0,2015,0,1.0,1,2,nan,Gilbert Burns,Abdulkadirov Magomed
SUBMISSION,Armbar,-1,-1,0,2017,0,2.0,1,2,Arm,Alexandre Ribeiro,Rustam Chsiev
SUBMISSION,RNC,-1,-1,0,2003,0,0.0,0,2,Neck,Baret Yoshida,K. Toida
SUBMISSION,Guillotine,-1,-1,0,2011,0,1.0,0,2,Neck,Marcelo Garcia,Davis Heart
POINTS,,-1,-1,0,2011,0,2.0,0,2,nan,Pablo Popovitch,Zbigniew Tyszka
SUBMISSION,Guillotine,-1,-1,0,2003,0,2.0,0,2,Neck,Ricardo Almeida,Davion Peterson
POINTS,,9,2,0,2000,0,2.0,0,11,nan,Roberto Magalhaes,Manu Garcia
POINTS,,4,0,0,2019,0,3.0,0,4,nan,Vinicius Magalhaes,Dan Martinez
POINTS,,-1,-1,0,2005,0,1.0,0,2,nan,Leonardo Santos,Jason Brudvik
POINTS,,7,0,0,2000,0,1.0,0,7,nan,Renzo Gracie,Dennis Hallman
POINTS,,-1,-1,0,2009,0,4.0,2,2,nan,Roberto Abreu,Jeff Monson
POINTS,,3,2,0,2000,0,2.0,2,5,nan,Saulo Ribeiro,Sasha Savko
SUBMISSION,RNC,-1,-1,0,2003,0,1.0,0,2,Neck,Vitor Ribeiro,Jason Ramsterrer
POINTS,,3,0,0,1999,1,,1,3,nan,Ricco Rodriguez,Murilo Bustamante
POINTS,,3,0,0,2009,0,1.0,0,3,nan,Gregor Gracie,Murilo Santana
POINTS,,-1,-1,0,2007,0,2.0,2,2,nan,Flavio Almeida,Romulo Barral
SUBMISSION,RNC,-1,-1,1,2022,0,0.0,3,2,Neck,Beatriz Mesquita,Bianca Basilio
POINTS,,8,0,0,2015,0,1.0,0,8,nan,Gabriel Rollo,Enrico Cocco
SUBMISSION,RNC,-1,-1,1,2017,0,0.0,4,2,Neck,Bianca Mesquita,Bianca Basilio
SUBMISSION,RNC,-1,-1,0,2005,0,3.0,0,2,Neck,Vitor Viana,Braulio Estima
POINTS,,-1,-1,0,2009,0,3.0,1,2,nan,Glover Teixeira,Dean Lister
DECISION,,-1,-1,1,2015,0,4.0,2,2,nan,Jessica Oliveira,Gabrielle Garcia
DECISION,,-1,-1,0,2017,0,2.0,0,2,nan,Ruslam Chsiev,Jesse Urholin
POINTS,,-1,-1,0,1999,0,4.0,1,2,nan,Sean Alvarez,Ricco Rodriguez
POINTS,,-1,-1,0,2000,0,4.0,4,2,nan,Mark Kerr,Ricco Rodriguez
POINTS,,-1,-1,0,2001,0,4.0,2,2,nan,Mark Robinson,Ricco Rodriguez
POINTS,,2,0,0,2001,1,,1,2,nan,Vitor Belfort,Ricco Rodriguez
POINTS,,2,0,0,2005,0,4.0,1,2,nan,Gabriel Napao,Ricco Rodriguez
DECISION,,-1,-1,0,2019,0,4.0,0,2,nan,John Hansen,Max Gimenis
SUBMISSION,Kneebar,-1,-1,0,2003,0,3.0,2,2,Leg,A. Cacareco,Alexandre Ribeiro
DECISION,,-1,-1,0,2007,1,,0,2,nan,David Avellan,Alexandre Ribeiro
POINTS,,3,0,0,2022,0,2.0,0,3,nan,Eoghan OFlannagan,Alexandre Ribeiro
SUBMISSION,Short choke,-1,-1,1,2019,0,4.0,1,2,Neck,Ana Carolina Vieira,Amanda Leve
SUBMISSION,RNC,-1,-1,0,2007,1,,2,2,Neck,Robert Drysdale,Andre Galvao
POINTS,,2,0,0,1999,1,,0,2,nan,Garth Taylor,Baret Yoshida
POINTS,,2,0,0,1999,0,2.0,1,2,nan,Kareem Barkalev,Amaury Bitetti
POINTS,,4,0,0,1999,0,0.0,1,4,nan,Sasha Palvski,Baret Yoshida
POINTS,,0,0,0,2005,1,,0,0,nan,Gabriel Napao,Eduardo Telles
POINTS,,9,4,0,2003,1,,2,13,nan,A. Cacareco,Fabricio Werdum
POINTS,,2,0,0,2005,0,4.0,2,2,nan,Jeff Monson,Fabricio Werdum
SUBMISSION,Footlock,-1,-1,0,2013,0,3.0,0,2,Leg,Kamil Uminski,James Puopolo
POINTS,,-1,-1,0,2009,0,1.0,1,2,nan,Gregor Gracie,Leonardo Santos
SUBMISSION,Heel hook,-1,-1,0,2005,1,,0,2,Leg,A. Cacareco,Leonardo Santos
POINTS,,-1,-1,0,2000,1,,0,2,nan,Mark Kerr,Leonardo Vieira
DECISION,,-1,-1,0,2017,1,,5,2,nan,Chael Sonnen,Leonardo Vieira
SUBMISSION,D'arce choke,-1,-1,0,2007,1,,4,2,Neck,Robert Drysdale,Marcelo Garcia
POINTS,,-1,-1,0,2007,0,4.0,2,2,nan,Rolles Gracie,Marcio Cruz
SUBMISSION,Calf slicer,-1,-1,0,2005,0,4.0,2,2,Leg,Gabriel Napao,Marcio Cruz
SUBMISSION,Outside heel hook,-1,-1,0,2022,0,2.0,1,2,Leg,Eoghan Oflanagan,Mason Fowler
POINTS,,2,0,0,1999,0,2.0,1,2,nan,Egan Inoue,Renzo Gracie
POINTS,,2,0,0,1999,0,3.0,1,2,nan,Murilo Bustamante,Ricardo Almeida
DECISION,,-1,-1,0,2001,0,2.0,1,2,nan,Egan Inoue,Ricardo Liborio
SUBMISSION,Footlock,-1,-1,0,2009,0,2.0,3,2,Leg,David Avellan,Rafael Lovato Jr
DECISION,,-1,-1,0,2015,0,2.0,1,2,nan,Rustam Chsiev,Rafael Lovato Jr
POINTS,,-1,-1,0,2000,0,3.0,0,2,nan,Matt Hughes,Ricardo Almeida
POINTS,,3,0,0,2000,1,,2,3,nan,Mark Kerr,Ricardo Almeida
POINTS,,2,0,0,1999,0,2.0,2,2,nan,Sasha Savko,Ricardo Liborio
POINTS,,2,0,0,2000,0,4.0,2,2,nan,Mark Kerr,Rigan Machado
INJURY,,-1,-1,0,2001,0,3.0,0,2,nan,Olav Einemo,Rigan Machado
POINTS,,3,0,0,1999,0,3.0,1,3,nan,Jeff Monson,Roberto Traven
DECISION,,-1,-1,0,2013,0,2.0,0,2,nan,David Avellan,Rodrigo Caporal
POINTS,,2,0,0,2000,1,,2,2,nan,Tito Ortiz,Rodrigo Medeiros
POINTS,,2,0,0,2003,0,3.0,2,2,nan,Olav Einemo,Roger Gracie
POINTS,,2,0,0,2011,0,2.0,0,2,nan,Kyle Griffin,Romulo Barral
DECISION,,-1,-1,0,2015,0,2.0,3,2,nan,Rustam Chsiev,Romulo Barral
SUBMISSION,Toe hold,-1,-1,0,2007,0,1.0,1,2,Leg,Mike Fowler,Saulo Ribeiro
POINTS,,3,0,0,2001,0,2.0,4,3,nan,Sanae Kikuta,Saulo Ribeiro
POINTS,,-1,-1,0,2007,1,,1,2,nan,A. Cacareco,Tarsis Humpreys
INJURY,,-1,-1,0,2022,0,4.0,0,2,nan,John Hansen,Vinicius Magalhaes
SUBMISSION,Footlock,-1,-1,0,2022,0,1.0,0,2,Leg,Mateusz Szczecinski,William Tackett
POINTS,,-1,-1,0,2013,0,0.0,0,2,nan,Nicolas Renier,Baret Yoshida
SUBMISSION,Choke,-1,-1,0,2013,0,2.0,0,2,Neck,Oskar Piechota,Claudio Calasans
POINTS,,4,2,1,2017,0,0.0,1,6,nan,E. Karpinen,Mackenzie Dern
POINTS,,0,0,0,2017,0,0.0,0,0,nan,Kuba Witkowski,Baret Yoshida
POINTS,,-1,-1,0,2001,1,,5,2,nan,Mark Kerr,Jose Mario Sperry
POINTS,,-1,-1,0,2001,0,4.0,1,2,nan,Sean Alvarez,Marcio Cruz
POINTS,,2,0,0,2000,0,3.0,1,2,nan,Jeff Monson,Rodrigo Medeiros
POINTS,,-1,-1,0,2009,0,4.0,3,2,nan,Jeff Monson,Saulo Ribeiro
SUBMISSION,RNC,-1,-1,0,2009,0,2.0,1,2,Neck,David Avellan,Tarsis Humpreys
POINTS,,-1,-1,0,2011,1,,0,2,nan,Gunnar Nelson,Bruno Frazatto
SUBMISSION,Heel hook,-1,-1,0,1999,1,,2,2,Leg,Hayato Sakurai,Ricco Rodriguez
SUBMISSION,Guillotine,-1,-1,0,2003,1,,0,2,Neck,A. Cacareco,Rodrigo Medeiros
POINTS,,-1,-1,0,1999,0,3.0,4,2,nan,Jeff Monson,Saulo Ribeiro
POINTS,,3,0,1,2022,0,0.0,1,3,nan,Beatriz Mesquita,Mayssa Bastos
POINTS,,-1,-1,0,1999,0,3.0,2,2,nan,Jeff Monson,Rigan Machado
